/*
SQLyog Community v12.5.0 (64 bit)
MySQL - 10.1.29-MariaDB : Database - wres2
*********************************************************************
*/

/*!40101 SET NAMES utf8 */;

/*!40101 SET SQL_MODE=''*/;

/*!40014 SET @OLD_UNIQUE_CHECKS=@@UNIQUE_CHECKS, UNIQUE_CHECKS=0 */;
/*!40014 SET @OLD_FOREIGN_KEY_CHECKS=@@FOREIGN_KEY_CHECKS, FOREIGN_KEY_CHECKS=0 */;
/*!40101 SET @OLD_SQL_MODE=@@SQL_MODE, SQL_MODE='NO_AUTO_VALUE_ON_ZERO' */;
/*!40111 SET @OLD_SQL_NOTES=@@SQL_NOTES, SQL_NOTES=0 */;
CREATE DATABASE /*!32312 IF NOT EXISTS*/`wres2` /*!40100 DEFAULT CHARACTER SET latin1 */;

USE `wres2`;

/*Table structure for table `chat_private_clan` */

DROP TABLE IF EXISTS `chat_private_clan`;

CREATE TABLE `chat_private_clan` (
  `id` int(10) unsigned NOT NULL,
  `clan_id` int(10) unsigned NOT NULL,
  `server` tinyint(3) unsigned NOT NULL,
  `message` varchar(55) NOT NULL,
  `timestamp` int(10) unsigned NOT NULL,
  `sender_id` int(11) NOT NULL
) ENGINE=InnoDB DEFAULT CHARSET=utf8;

/*Table structure for table `chat_public_lobby` */

DROP TABLE IF EXISTS `chat_public_lobby`;

CREATE TABLE `chat_public_lobby` (
  `id` int(10) unsigned NOT NULL AUTO_INCREMENT,
  `server` tinyint(4) NOT NULL,
  `channel_id` tinyint(4) NOT NULL,
  `sender_id` int(10) unsigned NOT NULL,
  `target_all` tinyint(1) NOT NULL DEFAULT '0',
  `message` varchar(55) NOT NULL,
  `timestamp` int(10) unsigned NOT NULL,
  PRIMARY KEY (`id`)
) ENGINE=InnoDB AUTO_INCREMENT=4 DEFAULT CHARSET=utf8;

/*Table structure for table `chat_public_room` */

DROP TABLE IF EXISTS `chat_public_room`;

CREATE TABLE `chat_public_room` (
  `id` int(10) unsigned NOT NULL AUTO_INCREMENT,
  `server` tinyint(3) unsigned NOT NULL,
  `channel_id` tinyint(3) unsigned NOT NULL,
  `sender_id` int(10) unsigned NOT NULL,
  `room_id` tinyint(3) unsigned NOT NULL,
  `team_side` tinyint(1) NOT NULL,
  `target_all` tinyint(1) NOT NULL DEFAULT '0',
  `message` varchar(55) NOT NULL,
  `timestamp` int(10) unsigned NOT NULL,
  PRIMARY KEY (`id`)
) ENGINE=InnoDB DEFAULT CHARSET=utf8;

/*Data for the table `chat_public_room` */

/*Table structure for table `clan` */

DROP TABLE IF EXISTS `clan`;

CREATE TABLE `clan` (
  `id` int(11) NOT NULL AUTO_INCREMENT,
  `name` varchar(255) NOT NULL,
  `members` int(11) unsigned NOT NULL,
  `tag` varchar(10) NOT NULL,
  `wins` int(11) unsigned NOT NULL DEFAULT '0',
  `losses` int(11) unsigned NOT NULL DEFAULT '0',
  `draws` int(10) unsigned NOT NULL DEFAULT '0',
  `master` int(11) unsigned NOT NULL,
  `recruitment` tinyint(1) unsigned NOT NULL DEFAULT '0',
  `disbanded` tinyint(4) NOT NULL DEFAULT '0',
  `validated` tinyint(4) NOT NULL DEFAULT '0',
  `date_creation` bigint(20) NOT NULL,
  `eslogan` varchar(140) DEFAULT NULL,
  PRIMARY KEY (`id`)
) ENGINE=InnoDB AUTO_INCREMENT=13 DEFAULT CHARSET=utf8;

/*Data for the table `clan` */

insert  into `clan`(`id`,`name`,`members`,`tag`,`wins`,`losses`,`draws`,`master`,`recruitment`,`disbanded`,`validated`,`date_creation`,`eslogan`) values 
(0,'blank',0,'blank',0,0,0,0,0,1,0,0,NULL);

/*Table structure for table `commands` */

DROP TABLE IF EXISTS `commands`;

CREATE TABLE `commands` (
  `id` tinyint(3) unsigned NOT NULL,
  `action` varchar(255) NOT NULL DEFAULT '""',
  `permlevel` tinyint(3) unsigned NOT NULL DEFAULT '10',
  PRIMARY KEY (`id`,`action`)
) ENGINE=InnoDB DEFAULT CHARSET=utf8;

/*Data for the table `commands` */

insert  into `commands`(`id`,`action`,`permlevel`) values 
(0,'ban',10),
(1,'time',1),
(2,'kick',3),
(3,'notice',3),
(4,'help',1),
(5,'mystats',1),
(6,'report',1),
(7,'serverinfo',1),
(8,'rules',1),
(9,'gift',3),
(10,'war',5);

/*Table structure for table `coupons` */

DROP TABLE IF EXISTS `coupons`;

CREATE TABLE IF NOT EXISTS `coupons` (
  `id` INT NOT NULL AUTO_INCREMENT,
  `code` varchar(255) NOT NULL DEFAULT '""',
  `uses` int(10) NOT NULL DEFAULT '0',
  `dinarreward` int(10) NOT NULL DEFAULT '0',
  `itemreward` text NOT NULL,
  PRIMARY KEY (`id`,`code`)
) ENGINE=InnoDB DEFAULT CHARSET=utf8;

/*Data for the table `coupons` */

INSERT INTO `coupons` (`id`, `code`, `uses`, `dinarreward`, `itemreward`) VALUES
(1, 'ROBINHOOD', 0, 100000, ''),
(2, 'MEOW', -1, 69000, ''),
(3, 'PEWPEW', -1, 0, 'DF07-30'),
(4, 'HEALSLUT', -1, 0, 'DQ02-30,DQ03-30,DV01-30'),
(5, 'NINJA', -1, 0, 'DA04-30'),
(6, 'ASSAULT', -1, 0, 'DC10-30,DH01-30,DC05-30,DC06-30');

/*Table structure for table `damage_multipliers` */

DROP TABLE IF EXISTS `damage_multipliers`;

CREATE TABLE `damage_multipliers` (
  `head` double DEFAULT NULL,
  `torso` double DEFAULT NULL,
  `lower_limbs` double DEFAULT NULL,
  `sniperbone` double DEFAULT NULL
) ENGINE=InnoDB DEFAULT CHARSET=utf8;

/*Data for the table `damage_multipliers` */

insert  into `damage_multipliers`(`head`,`torso`,`lower_limbs`,`sniperbone`) values 
(1.5,0.75,0.33,1.5);

/*Table structure for table `game_levels_gained` */

DROP TABLE IF EXISTS `game_levels_gained`;

CREATE TABLE `game_levels_gained` (
  `id` int(10) unsigned NOT NULL,
  `user_id` int(10) unsigned NOT NULL,
  `game_id` varchar(255) NOT NULL DEFAULT '""',
  `current_level` tinyint(3) unsigned NOT NULL,
  `levels_gained` tinyint(3) unsigned NOT NULL,
  `timestamp` int(10) unsigned NOT NULL
) ENGINE=InnoDB DEFAULT CHARSET=utf8;

/*Data for the table `game_levels_gained` */

/*Table structure for table `gameconfig` */

DROP TABLE IF EXISTS `gameconfig`;

CREATE TABLE `gameconfig` (
  `dinarrate` double DEFAULT NULL,
  `exprate` double DEFAULT NULL,
  `max_room_count` int(10) unsigned DEFAULT NULL,
  `max_team_difference` int(10) unsigned DEFAULT NULL,
  `levelup_base_reward` int(10) unsigned NOT NULL,
  `bombtime` bigint(10) DEFAULT NULL,
  `explosivetime` bigint(10) NOT NULL DEFAULT '180000',
  `allow_start_alone` tinyint(1) DEFAULT '0'
) ENGINE=InnoDB DEFAULT CHARSET=utf8;

/*Data for the table `gameconfig` */

insert  into `gameconfig`(`dinarrate`,`exprate`,`max_room_count`,`max_team_difference`,`levelup_base_reward`,`bombtime`,`explosivetime`,`allow_start_alone`) values
(5,5,100,1,5000,40000,120000,0);

/*Table structure for table `item_equipment` */

DROP TABLE IF EXISTS `item_equipment`;

CREATE TABLE `item_equipment` (
  `code` varchar(4) CHARACTER SET utf8 COLLATE utf8_bin NOT NULL,
  `class1` varchar(15) CHARACTER SET utf8 COLLATE utf8_bin NOT NULL DEFAULT '0,0,0,0,0,0,0,0',
  `class2` varchar(15) CHARACTER SET utf8 COLLATE utf8_bin NOT NULL DEFAULT '0,0,0,0,0,0,0,0',
  `class3` varchar(15) CHARACTER SET utf8 COLLATE utf8_bin NOT NULL DEFAULT '0,0,0,0,0,0,0,0',
  `class4` varchar(15) CHARACTER SET utf8 COLLATE utf8_bin NOT NULL DEFAULT '0,0,0,0,0,0,0,0',
  `class5` varchar(15) CHARACTER SET utf8 COLLATE utf8_bin NOT NULL DEFAULT '0,0,0,0,0,0,0,0',
  PRIMARY KEY (`code`)
) ENGINE=InnoDB DEFAULT CHARSET=utf8;

/*Data for the table `item_equipment` */

insert  into `item_equipment`(`code`,`class1`,`class2`,`class3`,`class4`,`class5`) values 
('D001','0,0,0,0,0,0,0,1','0,0,0,0,0,0,0,1','0,0,0,0,0,0,0,1','0,0,0,0,0,0,0,1','0,0,0,0,0,0,0,1'),
('D101','0,0,0,0,0,0,0,0','0,0,0,0,0,0,0,0','0,0,0,0,0,0,0,0','0,0,0,0,0,0,0,0','0,0,0,0,0,0,0,0'),
('D501','0,0,0,0,0,0,0,1','0,0,0,0,0,0,0,0','0,0,0,0,0,0,0,0','0,0,0,0,0,0,0,0','0,0,0,0,0,0,0,0'),
('D502','0,0,0,0,0,0,0,1','0,0,0,0,0,0,0,0','0,0,0,0,0,0,0,0','0,0,0,0,0,0,0,0','0,0,0,0,0,0,0,0'),
('D601','0,0,0,0,0,0,0,0','0,0,0,0,0,0,0,1','0,0,0,0,0,0,0,0','0,0,0,0,0,0,0,0','0,0,0,0,0,0,0,0'),
('D602','0,0,0,0,0,0,0,0','0,0,0,0,0,0,0,1','0,0,0,0,0,0,0,0','0,0,0,0,0,0,0,0','0,0,0,0,0,0,0,0'),
('D701','0,0,0,0,0,0,0,0','0,0,0,0,0,0,0,0','0,0,0,0,0,0,0,1','0,0,0,0,0,0,0,0','0,0,0,0,0,0,0,0'),
('D702','0,0,0,0,0,0,0,0','0,0,0,0,0,0,0,0','0,0,0,0,0,0,0,1','0,0,0,0,0,0,0,0','0,0,0,0,0,0,0,0'),
('D801','0,0,0,0,0,0,0,0','0,0,0,0,0,0,0,0','0,0,0,0,0,0,0,0','0,0,0,0,0,0,0,1','0,0,0,0,0,0,0,0'),
('D802','0,0,0,0,0,0,0,0','0,0,0,0,0,0,0,0','0,0,0,0,0,0,0,0','0,0,0,0,0,0,0,1','0,0,0,0,0,0,0,0'),
('D901','0,0,0,0,0,0,0,0','0,0,0,0,0,0,0,0','0,0,0,0,0,0,0,0','0,0,0,0,0,0,0,0','0,0,0,0,0,0,0,1'),
('D902','0,0,0,0,0,0,0,0','0,0,0,0,0,0,0,0','0,0,0,0,0,0,0,0','0,0,0,0,0,0,0,0','0,0,0,0,0,0,0,1'),
('DA01','1,0,0,0,0,0,0,0','1,0,0,0,0,0,0,0','1,0,0,0,0,0,0,0','1,0,0,0,0,0,0,0','1,0,0,0,0,0,0,0'),
('DA02','1,0,0,0,0,0,0,0','1,0,0,0,0,0,0,0','1,0,0,0,0,0,0,0','1,0,0,0,0,0,0,0','1,0,0,0,0,0,0,0'),
('DA03','1,0,0,0,0,0,0,0','1,0,0,0,0,0,0,0','1,0,0,0,0,0,0,0','1,0,0,0,0,0,0,0','1,0,0,0,0,0,0,0'),
('DA04','1,0,0,0,0,0,0,0','1,0,0,0,0,0,0,0','1,0,0,0,0,0,0,0','1,0,0,0,0,0,0,0','1,0,0,0,0,0,0,0'),
('DA05','1,0,0,0,0,0,0,0','1,0,0,0,0,0,0,0','1,0,0,0,0,0,0,0','1,0,0,0,0,0,0,0','1,0,0,0,0,0,0,0'),
('DA10','1,0,0,0,0,0,0,0','1,0,0,0,0,0,0,0','1,0,0,0,0,0,0,0','1,0,0,0,0,0,0,0','1,0,0,0,0,0,0,0'),
('DA20','1,0,0,0,0,0,0,0','1,0,0,0,0,0,0,0','1,0,0,0,0,0,0,0','1,0,0,0,0,0,0,0','1,0,0,0,0,0,0,0'),
('DB01','0,1,0,0,0,0,0,0','0,1,0,0,0,0,0,0','0,1,0,0,0,0,0,0','0,1,0,0,0,0,0,0','0,1,0,0,0,0,0,0'),
('DB02','0,1,0,0,0,0,0,0','0,1,0,0,0,0,0,0','0,1,0,0,0,0,0,0','0,1,0,0,0,0,0,0','0,1,0,0,0,0,0,0'),
('DB03','0,1,0,0,0,0,0,0','0,1,0,0,0,0,0,0','0,1,0,0,0,0,0,0','0,1,0,0,0,0,0,0','0,1,0,0,0,0,0,0'),
('DB04','0,1,0,0,0,0,0,0','0,1,0,0,0,0,0,0','0,1,0,0,0,0,0,0','0,1,0,0,0,0,0,0','0,1,0,0,0,0,0,0'),
('DB05','0,1,0,0,0,0,0,0','0,1,0,0,0,0,0,0','0,1,0,0,0,0,0,0','0,1,0,0,0,0,0,0','0,1,0,0,0,0,0,0'),
('DB06','0,1,0,0,0,0,0,0','0,1,0,0,0,0,0,0','0,1,0,0,0,0,0,0','0,1,0,0,0,0,0,0','0,1,0,0,0,0,0,0'),
('DB07','0,1,0,0,0,0,0,0','0,1,0,0,0,0,0,0','0,1,0,0,0,0,0,0','0,1,0,0,0,0,0,0','0,1,0,0,0,0,0,0'),
('DB08','0,1,0,0,0,0,0,0','0,1,0,0,0,0,0,0','0,1,0,0,0,0,0,0','0,1,0,0,0,0,0,0','0,1,0,0,0,0,0,0'),
('DB09','0,1,0,0,0,0,0,0','0,1,0,0,0,0,0,0','0,1,0,0,0,0,0,0','0,1,0,0,0,0,0,0','0,1,0,0,0,0,0,0'),
('DC01','0,0,0,0,0,0,0,0','0,0,0,0,0,0,0,0','0,0,0,0,0,0,0,0','0,0,1,0,1,0,0,0','0,0,0,0,0,0,0,0'),
('DC02','0,0,0,0,0,0,0,0','0,0,0,0,0,0,0,0','0,0,0,0,0,0,0,0','0,0,1,0,1,0,0,0','0,0,0,0,0,0,0,0'),
('DC03','0,0,0,0,0,0,0,0','0,0,0,0,0,0,0,0','0,0,0,0,0,0,0,0','0,0,1,0,1,0,0,0','0,0,0,0,0,0,0,0'),
('DC04','0,0,0,0,0,0,0,0','0,0,0,0,0,0,0,0','0,0,0,0,0,0,0,0','0,0,1,0,1,0,0,0','0,0,0,0,0,0,0,0'),
('DC05','0,0,0,0,0,0,0,0','0,0,0,0,0,0,0,0','0,0,0,0,0,0,0,0','0,0,1,0,1,0,0,0','0,0,0,0,0,0,0,0'),
('DC06','0,0,0,0,0,0,0,0','0,0,0,0,0,0,0,0','0,0,0,0,0,0,0,0','0,0,1,0,1,0,0,0','0,0,0,0,0,0,0,0'),
('DC07','0,0,0,0,0,0,0,0','0,0,0,0,0,0,0,0','0,0,0,0,0,0,0,0','0,0,1,0,1,0,0,0','0,0,0,0,0,0,0,0'),
('DC08','0,0,0,0,0,0,0,0','0,0,0,0,0,0,0,0','0,0,0,0,0,0,0,0','0,0,1,0,1,0,0,0','0,0,0,0,0,0,0,0'),
('DH01','0,0,0,0,0,0,0,0','0,0,0,0,0,0,0,0','0,0,0,0,0,0,0,0','0,0,1,0,1,0,0,0','0,0,0,0,0,0,0,0'),
('DC10','0,0,0,0,0,0,0,0','0,0,0,0,0,0,0,0','0,0,0,0,0,0,0,0','0,0,1,0,1,0,0,0','0,0,0,0,0,0,0,0'),
('DC11','0,0,0,0,0,0,0,0','0,0,0,0,0,0,0,0','0,0,0,0,0,0,0,0','0,0,1,0,1,0,0,0','0,0,0,0,0,0,0,0'),
('DC12','0,0,0,0,0,0,0,0','0,0,0,0,0,0,0,0','0,0,0,0,0,0,0,0','0,0,1,0,1,0,0,0','0,0,0,0,0,0,0,0'),
('DD01','0,0,1,0,1,0,0,0','0,0,1,0,1,0,0,0','0,0,0,0,0,0,0,0','0,0,1,0,1,0,0,0','0,0,0,0,0,0,0,0'),
('DD02','0,0,1,0,1,0,0,0','0,0,1,0,1,0,0,0','0,0,0,0,0,0,0,0','0,0,1,0,1,0,0,0','0,0,0,0,0,0,0,0'),
('DD03','0,0,1,0,1,0,0,0','0,0,1,0,1,0,0,0','0,0,0,0,0,0,0,0','0,0,1,0,1,0,0,0','0,0,0,0,0,0,0,0'),
('DE01','0,0,0,0,0,0,0,0','0,0,0,0,0,0,0,0','0,0,0,0,0,0,0,0','0,0,1,0,1,0,0,0','0,0,0,0,0,0,0,0'),
('DE02','0,0,0,0,0,0,0,0','0,0,0,0,0,0,0,0','0,0,0,0,0,0,0,0','0,0,1,0,1,0,0,0','0,0,0,0,0,0,0,0'),
('DC09','0,0,0,0,0,0,0,0','0,0,0,0,0,0,0,0','0,0,0,0,0,0,0,0','0,0,1,0,1,0,0,0','0,0,0,0,0,0,0,0'),
('DF01','0,0,1,0,1,0,0,0','0,0,1,0,1,0,0,0','0,0,0,0,0,0,0,0','0,0,0,0,0,0,0,0','0,0,0,0,0,0,0,0'),
('DF02','0,0,1,0,1,0,0,0','0,0,1,0,1,0,0,0','0,0,0,0,0,0,0,0','0,0,0,0,0,0,0,0','0,0,0,0,0,0,0,0'),
('DF03','0,0,1,0,1,0,0,0','0,0,1,0,1,0,0,0','0,0,0,0,0,0,0,0','0,0,0,0,0,0,0,0','0,0,0,0,0,0,0,0'),
('DF04','0,0,1,0,1,0,0,0','0,0,1,0,1,0,0,0','0,0,0,0,0,0,0,0','0,0,0,0,0,0,0,0','0,0,0,0,0,0,0,0'),
('DF05','0,0,1,0,1,0,0,0','0,0,1,0,1,0,0,0','0,0,0,0,0,0,0,0','0,0,0,0,0,0,0,0','0,0,0,0,0,0,0,0'),
('DF06','0,0,1,0,1,0,0,0','0,0,1,0,1,0,0,0','0,0,0,0,0,0,0,0','0,0,0,0,0,0,0,0','0,0,0,0,0,0,0,0'),
('DF07','0,0,1,0,1,0,0,0','0,0,1,0,1,0,0,0','0,0,0,0,0,0,0,0','0,0,0,0,0,0,0,0','0,0,0,0,0,0,0,0'),
('DF08','0,0,1,0,1,0,0,0','0,0,1,0,1,0,0,0','0,0,0,0,0,0,0,0','0,0,0,0,0,0,0,0','0,0,0,0,0,0,0,0'),
('DF09','0,0,1,0,1,0,0,0','0,0,1,0,1,0,0,0','0,0,0,0,0,0,0,0','0,0,0,0,0,0,0,0','0,0,0,0,0,0,0,0'),
('DF10','0,0,1,0,1,0,0,0','0,0,1,0,1,0,0,0','0,0,0,0,0,0,0,0','0,0,0,0,0,0,0,0','0,0,0,0,0,0,0,0'),
('DF11','0,0,1,0,1,0,0,0','0,0,1,0,1,0,0,0','0,0,0,0,0,0,0,0','0,0,0,0,0,0,0,0','0,0,0,0,0,0,0,0'),
('DG01','0,0,0,0,0,0,0,0','0,0,0,0,0,0,0,0','0,0,1,0,1,0,0,0','0,0,0,0,0,0,0,0','0,0,0,0,0,0,0,0'),
('DG02','0,0,0,0,0,0,0,0','0,0,0,0,0,0,0,0','0,0,1,0,1,0,0,0','0,0,0,0,0,0,0,0','0,0,0,0,0,0,0,0'),
('DG03','0,0,0,0,0,0,0,0','0,0,0,0,0,0,0,0','0,0,1,0,1,0,0,0','0,0,0,0,0,0,0,0','0,0,0,0,0,0,0,0'),
('DG04','0,0,0,0,0,0,0,0','0,0,0,0,0,0,0,0','0,0,1,0,1,0,0,0','0,0,0,0,0,0,0,0','0,0,0,0,0,0,0,0'),
('DG05','0,0,0,0,0,0,0,0','0,0,0,0,0,0,0,0','0,0,1,0,1,0,0,0','0,0,0,0,0,0,0,0','0,0,0,0,0,0,0,0'),
('DG06','0,0,0,0,0,0,0,0','0,0,0,0,0,0,0,0','0,0,1,0,1,0,0,0','0,0,0,0,0,0,0,0','0,0,0,0,0,0,0,0'),
('DG07','0,0,0,0,0,0,0,0','0,0,0,0,0,0,0,0','0,0,1,0,1,0,0,0','0,0,0,0,0,0,0,0','0,0,0,0,0,0,0,0'),
('DG08','0,0,0,0,0,0,0,0','0,0,0,0,0,0,0,0','0,0,1,0,1,0,0,0','0,0,0,0,0,0,0,0','0,0,0,0,0,0,0,0'),
('DG09','0,0,0,0,0,0,0,0','0,0,0,0,0,0,0,0','0,0,1,0,1,0,0,0','0,0,0,0,0,0,0,0','0,0,0,0,0,0,0,0'),
('DG10','0,0,0,0,0,0,0,0','0,0,0,0,0,0,0,0','0,0,1,0,1,0,0,0','0,0,0,0,0,0,0,0','0,0,0,0,0,0,0,0'),
('DG11','0,0,0,0,0,0,0,0','0,0,0,0,0,0,0,0','0,0,1,0,1,0,0,0','0,0,0,0,0,0,0,0','0,0,0,0,0,0,0,0'),
('DG12','0,0,0,0,0,0,0,0','0,0,0,0,0,0,0,0','0,0,1,0,1,0,0,0','0,0,0,0,0,0,0,0','0,0,0,0,0,0,0,0'),
('DT01','0,0,0,0,0,0,0,0','0,0,0,0,0,0,0,0','0,0,0,0,0,0,0,0','0,0,0,0,0,0,0,0','0,0,0,0,1,0,0,0'),
('DH02','0,0,0,0,0,0,0,0','0,0,0,0,0,0,0,0','0,0,0,0,0,0,0,0','0,0,0,0,1,0,0,0','0,0,0,0,1,0,0,0'),
('DT02','0,0,0,0,0,0,0,0','0,0,0,0,0,0,0,0','0,0,0,0,0,0,0,0','0,0,0,0,0,0,0,0','0,0,0,0,1,0,0,0'),
('DI01','0,0,0,0,1,0,0,0','0,0,0,0,1,0,0,0','0,0,0,0,0,0,0,0','0,0,0,0,1,0,0,0','0,0,0,0,0,0,0,0'),
('DI02','0,0,0,0,1,0,0,0','0,0,0,0,1,0,0,0','0,0,0,0,0,0,0,0','0,0,0,0,1,0,0,0','0,0,0,0,0,0,0,0'),
('DJ01','0,0,0,0,0,0,0,0','0,0,0,0,0,0,0,0','0,0,0,0,0,0,0,0','0,0,0,0,0,0,0,0','0,0,1,0,1,0,0,0'),
('DJ02','0,0,0,0,0,0,0,0','0,0,0,0,0,0,0,0','0,0,0,0,0,0,0,0','0,0,0,0,0,0,0,0','0,0,1,0,1,0,0,0'),
('DJ03','0,0,0,0,0,0,0,0','0,0,0,0,0,0,0,0','0,0,0,0,0,0,0,0','0,0,0,0,0,0,0,0','0,0,1,0,1,0,0,0'),
('DJ04','0,0,0,0,0,0,0,0','0,0,0,0,0,0,0,0','0,0,0,0,0,0,0,0','0,0,0,0,0,0,0,0','0,0,1,0,1,0,0,0'),
('DK01','0,0,0,0,0,0,0,0','0,0,0,0,0,0,0,0','0,0,0,0,0,0,0,0','0,0,0,0,0,0,0,0','0,0,1,0,1,0,0,0'),
('DK02','0,0,0,0,0,0,0,0','0,0,0,0,0,0,0,0','0,0,0,0,0,0,0,0','0,0,0,0,0,0,0,0','0,0,1,0,1,0,0,0'),
('DL01','0,0,0,0,0,0,0,0','0,0,0,0,0,0,0,0','0,0,0,0,0,0,0,0','0,0,0,0,0,0,0,0','0,0,0,1,0,0,0,0'),
('DL02','0,0,0,0,0,0,0,0','0,0,0,0,0,0,0,0','0,0,0,0,0,0,0,0','0,0,0,0,0,0,0,0','0,0,0,0,0,1,0,0'),
('DM01','0,0,0,0,1,0,0,0','0,0,0,0,1,0,0,0','0,0,0,0,0,0,0,0','0,0,0,0,0,0,0,0','0,0,0,0,1,0,0,0'),
('DN01','0,0,0,0,0,0,0,0','0,0,0,0,0,0,0,0','0,0,0,1,0,0,0,0','0,0,0,1,0,0,0,0','0,0,0,0,0,0,0,0'),
('DO01','0,0,0,0,1,0,0,0','0,0,0,0,1,0,0,0','0,0,0,0,1,0,0,0','0,0,0,0,1,0,0,0','0,0,0,0,1,0,0,0'),
('DO02','0,0,0,0,1,0,0,0','0,0,0,0,1,0,0,0','0,0,0,0,1,0,0,0','0,0,0,0,1,0,0,0','0,0,0,0,1,0,0,0'),
('DO03','0,0,0,0,1,0,0,0','0,0,0,0,1,0,0,0','0,0,0,0,1,0,0,0','0,0,0,0,1,0,0,0','0,0,0,0,1,0,0,0'),
('DP01','0,0,0,0,0,1,0,0','0,0,0,0,0,0,0,0','0,0,0,0,0,0,0,0','0,0,0,0,0,0,0,0','0,0,0,0,0,0,0,0'),
('DP02','0,0,0,0,0,1,0,0','0,0,0,0,0,0,0,0','0,0,0,0,0,0,0,0','0,0,0,0,0,0,0,0','0,0,0,0,0,0,0,0'),
('DP03','0,0,0,0,0,1,0,0','0,0,0,0,0,0,0,0','0,0,0,0,0,0,0,0','0,0,0,0,0,0,0,0','0,0,0,0,0,0,0,0'),
('DP04','0,0,0,0,0,1,0,0','0,0,0,0,0,0,0,0','0,0,0,0,0,0,0,0','0,0,0,0,0,0,0,0','0,0,0,0,0,0,0,0'),
('DQ01','0,0,0,0,0,0,0,0','0,0,0,1,0,0,0,0','0,0,0,0,0,0,0,0','0,0,0,0,0,0,0,0','0,0,0,0,0,0,0,0'),
('DQ02','0,0,0,0,0,0,0,0','0,0,0,1,0,0,0,0','0,0,0,0,0,0,0,0','0,0,0,0,0,0,0,0','0,0,0,0,0,0,0,0'),
('DQ03','0,0,0,0,0,0,0,0','0,0,0,1,0,0,0,0','0,0,0,0,0,0,0,0','0,0,0,0,0,0,0,0','0,0,0,0,0,0,0,0'),
('DR01','0,0,0,1,0,0,0,0','0,0,0,0,0,0,0,0','0,0,0,0,0,0,0,0','0,0,0,0,0,0,0,0','0,0,0,0,0,0,0,0'),
('DR02','0,0,0,1,0,0,0,0','0,0,0,0,0,0,0,0','0,0,0,0,0,0,0,0','0,0,0,0,0,0,0,0','0,0,0,0,0,0,0,0'),
('DS01','0,0,0,0,0,1,0,0','0,0,0,0,0,1,0,0','0,0,0,0,0,1,0,0','0,0,0,0,0,1,0,0','0,0,0,0,0,1,0,0'),
('DS02','0,0,0,0,0,1,0,0','0,0,0,0,0,1,0,0','0,0,0,0,0,1,0,0','0,0,0,0,0,1,0,0','0,0,0,0,0,1,0,0'),
('DS03','0,0,0,0,0,1,0,0','0,0,0,0,0,1,0,0','0,0,0,0,0,1,0,0','0,0,0,0,0,1,0,0','0,0,0,0,0,1,0,0'),
('DS05','0,0,0,0,0,1,0,0','0,0,0,0,0,1,0,0','0,0,0,0,0,1,0,0','0,0,0,0,0,1,0,0','0,0,0,0,0,1,0,0'),
('DS10','0,0,0,0,0,1,0,0','0,0,0,0,0,1,0,0','0,0,0,0,0,1,0,0','0,0,0,0,0,1,0,0','0,0,0,0,0,1,0,0'),
('DT03','0,0,0,0,0,0,0,0','0,0,0,0,0,0,0,0','0,0,0,0,0,0,0,0','0,0,0,0,0,0,0,0','0,0,0,0,1,0,0,0'),
('DT04','0,0,0,0,0,0,0,0','0,0,0,0,0,0,0,0','0,0,0,0,0,0,0,0','0,0,0,0,0,0,0,0','0,0,0,0,1,0,0,0'),
('DU01','0,0,0,0,0,1,0,0','0,0,0,0,0,0,0,0','0,0,0,0,0,0,0,0','0,0,0,0,0,0,0,0','0,0,0,0,0,0,0,0'),
('DU02','0,0,0,0,0,1,0,0','0,0,0,0,0,0,0,0','0,0,0,0,0,0,0,0','0,0,0,0,0,0,0,0','0,0,0,0,0,0,0,0'),
('DU03','0,0,0,0,0,1,0,0','0,0,0,0,0,0,0,0','0,0,0,0,0,0,0,0','0,0,0,0,0,0,0,0','0,0,0,0,0,0,0,0'),
('DV01','0,0,0,0,0,0,0,0','0,0,0,0,0,1,0,0','0,0,0,0,0,0,0,0','0,0,0,0,0,0,0,0','0,0,0,0,0,0,0,0'),
('DW01','0,0,0,0,0,0,0,0','0,0,0,0,0,0,0,0','0,0,0,0,0,0,0,0','0,0,0,0,0,0,0,0','0,0,0,0,0,0,0,0'),
('DW02','0,0,0,0,0,0,0,0','0,0,0,0,0,0,0,0','0,0,0,0,0,0,0,0','0,0,0,0,0,0,0,0','0,0,0,0,0,0,0,0'),
('DW03','0,0,0,0,0,0,0,0','0,0,0,0,0,0,0,0','0,0,0,0,0,0,0,0','0,0,0,0,0,0,0,0','0,0,0,0,0,0,0,0'),
('DW04','0,0,0,0,0,0,0,0','0,0,0,0,0,0,0,0','0,0,0,0,0,0,0,0','0,0,0,0,0,0,0,0','0,0,0,0,0,0,0,0'),
('DX01','0,0,0,0,0,0,0,0','0,0,0,0,0,0,0,0','0,0,0,0,0,1,0,0','0,0,0,0,0,0,0,0','0,0,0,0,0,0,0,0'),
('DX02','0,0,0,0,0,0,0,0','0,0,0,0,0,0,0,0','0,0,0,0,0,1,0,0','0,0,0,0,0,0,0,0','0,0,0,0,0,0,0,0'),
('DZ01','0,0,0,0,0,0,0,0','0,0,0,0,0,0,0,0','0,0,0,0,0,0,0,0','0,0,0,0,0,0,0,0','0,0,0,0,0,1,0,0');

/*Table structure for table `item_extra` */

DROP TABLE IF EXISTS `item_extra`;

CREATE TABLE `item_extra` (
  `id` smallint(5) unsigned NOT NULL,
  `code` varchar(4) CHARACTER SET utf8 COLLATE utf8_bin NOT NULL,
  `active` tinyint(1) NOT NULL DEFAULT '0',
  `name` varchar(50) CHARACTER SET utf8 COLLATE utf8_bin NOT NULL,
  PRIMARY KEY (`id`)
) ENGINE=InnoDB DEFAULT CHARSET=utf8;

/*Data for the table `item_extra` */

insert  into `item_extra`(`id`,`code`,`active`,`name`) values 
(0,'CA01',1,'SLOT_5TH'),
(1,'CA02',0,'SLOT_6TH'),
(2,'CA03',0,'SLOT_7TH'),
(4,'CB01',0,'CHG_NICK'),
(5,'CB02',0,'CHG_CLANNICK'),
(6,'CB03',1,'INI_KILLDEATH'),
(7,'CC01',1,'CROSSHAIR01'),
(8,'CC02',1,'SUPERMASTER'),
(9,'CC03',0,'UP_EXP'),
(10,'CC04',0,'UP_DINAR'),
(11,'CC05',1,'UP_DOUBLE'),
(12,'CC06',1,'CROSSHAIR02'),
(13,'CC07',1,'CROSSHAIR03'),
(14,'CC08',1,'CROSSHAIR04'),
(15,'CC09',0,'ENGINEER_PKG'),
(16,'CC10',0,'MEDIC_PKG'),
(17,'CC11',0,'PATROL_PKG'),
(18,'CC12',0,'ASSULT_PKG'),
(19,'CC13',0,'ANTITANK_PKG'),
(20,'CC14',0,'WRSUPER_PKG'),
(21,'CC15',0,'PDA'),
(22,'CD01',1,'EXP_30UP_SET'),
(23,'CD02',1,'EXP_20UP_SET'),
(24,'CE01',1,'DINAR_20UP_SET'),
(25,'CE02',1,'DINAR_30UP_SET'),
(26,'CF01',1,'SP_10UP_SET'),
(27,'CF02',1,'SP_5UP_SET'),
(28,'CG01',0,'SNIPER_SCOPE'),
(29,'CG02',0,'ASSAULT_SCOPE'),
(30,'CH01',1,'COMPRESS_BANDAGE'),
(31,'CI01',0,'RELOAD_UP'),
(32,'CJ01',1,'EXTRA_AMMO1'),
(33,'CJ02',1,'EXTRA_AMMO2'),
(34,'CA04',1,'SLOT_8TH');

/*Table structure for table `item_shop` */

DROP TABLE IF EXISTS `item_shop`;

CREATE TABLE `item_shop` (
  `code` varchar(4) CHARACTER SET utf8 COLLATE utf8_bin NOT NULL,
  `buyable` tinyint(1) NOT NULL DEFAULT '0',
  `req_level` tinyint(3) unsigned NOT NULL DEFAULT '1',
  `req_premium` tinyint(1) NOT NULL DEFAULT '0',
  `add_dinar` varchar(64) CHARACTER SET utf8 COLLATE utf8_bin NOT NULL,
  `cost` varchar(64) CHARACTER SET utf8 COLLATE utf8_bin NOT NULL,
  PRIMARY KEY (`code`)
) ENGINE=InnoDB DEFAULT CHARSET=utf8;

/*Data for the table `item_shop` */

insert  into `item_shop`(`code`,`buyable`,`req_level`,`req_premium`,`add_dinar`,`cost`) values 
('CA01',1,1,0,'-1,-1,-1,-1,-1','-1,-1,-1,22000,-1'),		/* MATCHES PF-20 */
('CA02',0,1,0,'-1,-1,-1,-1,-1','-1,-1,-1,-1,-1'),
('CA03',0,1,0,'-1,-1,-1,-1,-1','-1,-1,-1,-1,-1'),
('CA04',0,1,0,'-1,-1,-1,-1,-1','-1,7000,15000,22000,-1'),
('CB01',0,1,0,'-1','9800'),
('CB02',0,1,0,'-1,-1,-1,-1,-1','-1,-1,-1,-1,-1'),
('CB03',0,1,0,'-1','33000'),								/* MATCHES PF-20 */
('CC01',1,1,0,'-1,-1,-1,-1,-1','-1,4800,-1,8400,-1'),		/* MATCHES PF-20 */
('CC02',1,1,0,'-1,-1,-1,-1,-1','4400,-1,9200,14000,-1'),	/* MATCHES PF-20 */
('CC03',0,1,0,'-1,-1,-1,-1,-1','-1,-1,-1,-1,-1'),
('CC04',0,1,0,'-1,-1,-1,-1,-1','-1,-1,-1,-1,-1'),
('CC05',0,1,0,'-1,-1,-1,-1,-1','-1,10500,20250,36000,-1'),
('CC06',1,1,0,'-1,-1,-1,-1,-1','-1,4800,-1,8400,-1'),		/* MATCHES PF-20 */
('CC07',1,1,0,'-1,-1,-1,-1,-1','-1,4800,-1,8400,-1'),		/* MATCHES PF-20 */
('CC08',1,1,0,'-1,-1,-1,-1,-1','-1,4800,-1,8400,-1'),		/* MATCHES PF-20 */
('CC09',0,1,0,'-1,-1,-1,-1,-1','-1,-1,-1,4300,-1'),
('CC10',0,1,0,'-1,-1,-1,-1,-1','-1,-1,-1,3800,-1'),
('CC11',0,1,0,'-1,-1,-1,-1,-1','-1,-1,-1,3100,-1'),
('CC12',0,1,0,'-1,-1,-1,-1,-1','-1,-1,-1,3800,-1'),
('CC13',0,1,0,'-1,-1,-1,-1,-1','-1,-1,-1,3800,-1'),
('CC14',0,1,0,'-1,-1,-1,-1,-1','-1,-1,6400,11200,-1'),
('CC15',0,1,0,'-1,-1,-1,-1,-1','12,-1,2300,3400,-1'),
('CD01',1,1,0,'-1,-1,-1,-1,-1','-1,-1,16500,33000,-1'),		/* MATCHES PF-20 */
('CD02',1,1,0,'-1,-1,-1,-1,-1','-1,-1,10800,13200,-1'),		/* MATCHES PF-20 */
('CE01',0,1,0,'-1,-1,-1,-1,-1','-1,700,1800,3300,-1'),
('CE02',0,1,0,'-1,-1,-1,-1,-1','-1,1000,2700,4900,-1'),
('CF01',1,1,0,'-1,-1,-1,-1,-1','-1,-1,10800,13200,-1'),		/* MATCHES PF-20 */
('CF02',0,1,0,'-1,-1,-1,-1,-1','-1,2100,4050,7200,-1'),
('CG01',0,1,0,'-1,-1,-1,-1,-1','-1,-1,7200,11200,-1'),
('CG02',0,1,0,'-1,-1,-1,-1,-1','-1,-1,7200,11200,-1'),
('CH01',1,1,0,'-1,-1,-1,-1,-1','-1,-1,7250,11200,-1'),		/* MATCHES PF-20 */
('CI01',0,1,0,'-1,-1,-1,-1,-1','900,-1,1800,2800,-1'),
('CJ01',1,1,0,'-1,-1,-1,-1,-1','-1,-1,7200,11200,-1'),		/* MATCHES PF-20 */
('CJ02',1,1,0,'-1,-1,-1,-1,-1','-1,-1,7200,11200,-1'),		/* MATCHES PF-20 */
('D001',0,1,0,'-1,-1,-1,-1,-1','-1,-1,-1,-1,-1'),
('D101',1,1,0,'-1,-1,-1,-1,-1','-1,7200,-1,11200,-1'),		/* MATCHES PF-20 */
('D501',0,1,0,'-1,-1,-1,-1,-1','2500,4200,7200,13200,-1'),
('D502',0,1,0,'-1,-1,-1,-1,-1','-1,-1,-1,22000,-1'),
('D601',0,1,0,'-1,-1,-1,-1,-1','-1,-1,-1,30000,-1'),
('D602',0,1,0,'-1,-1,-1,-1,-1','4200,8250,16500,33000,-1'),
('D701',0,1,0,'-1,-1,-1,-1,-1','-1,-1,-1,29000,-1'),
('D702',0,1,0,'-1,-1,-1,-1,-1','-1,-1,-1,33000,-1'),
('D801',0,1,0,'-1,-1,-1,-1,-1','4000,7000,11500,19000,-1'),
('D802',0,1,0,'-1,-1,-1,-1,-1','-1,-1,-1,13000,-1'),
('D901',0,1,0,'-1,-1,-1,-1,-1','4500,7500,12500,21000,-1'),
('D902',0,1,0,'-1,-1,-1,-1,-1','4500,7500,12500,21000,-1'),
('DA01',0,1,0,'-1,-1,-1,-1,-1','-1,1000,1500,2000,-1'),
('DA02',0,1,0,'-1,-1,-1,-1,-1','-1,-1,-1,-1,-1'),			/* MATCHES PF-20 */
('DA03',0,1,0,'-1,-1,-1,-1,-1','-1,3500,6000,11000,-1'),
('DA04',0,1,0,'-1,-1,-1,-1,-1','-1,2500,4000,7000,-1'),
('DA05',0,1,0,'-1,-1,-1,-1,-1','-1,-1,-1,-1,5'),
('DA10',0,1,0,'-1,-1,-1,-1,-1','80,140,-1,390,40'),
('DA20',0,1,0,'-1,-1,-1,-1,-1','140,240,-1,690,70'),
('DB01',0,1,0,'-1,-1,-1,-1,-1','-1,-1,-1,-1,-1'),			/* MATCHES PF-20 */
('DB02',1,1,0,'-1,-1,-1,-1,-1','-1,2000,-1,6000,-1'),		/* MATCHES PF-20 */
('DB03',1,1,0,'-1,-1,-1,-1,-1','-1,3500,-1,11000,-1'),		/* MATCHES PF-20 */
('DB04',1,1,0,'-1,-1,-1,-1,-1','-1,1600,-1,4500,-1'),		/* MATCHES PF-20 */
('DB05',1,1,0,'-1,-1,-1,-1,-1','-1,3500,-1,11000,-1'),		/* MATCHES PF-20 */
('DB06',1,1,0,'-1,-1,-1,-1,-1','-1,-1,-1,13000,-1'),		/* MATCHES PF-20 */
('DB07',0,1,0,'-1,-1,-1,-1,-1','-1,800,1200,2500,-1'),
('DB08',0,1,0,'-1,-1,-1,-1,-1','1,1,1,1,1'),
('DB09',0,1,0,'-1,-1,-1,-1,-1','1,1,1,1,1'),
('DC01',1,1,0,'-1,-1,-1,-1,-1','-1,4900,-1,16000,-1'),		/* MATCHES PF-20 */
('DC02',0,1,0,'-1,-1,-1,-1,-1','-1,-1,-1,-1,-1'),			/* MATCHES PF-20 */
('DC03',1,1,0,'-1,-1,-1,-1,-1','-1,3500,-1,11000,-1'),		/* MATCHES PF-20 */
('DC04',1,1,0,'-1,-1,-1,-1,-1','-1,-1,-1,33000,-1'),		/* MATCHES PF-20 */
('DC05',0,1,0,'-1,-1,-1,-1,-1','-1,8250,16500,33000,-1'),
('DC06',0,1,0,'-1,-1,-1,-1,-1','-1,4100,7500,13000,-1'),
('DC07',0,1,0,'-1,-1,-1,-1,-1','-1,2450,4725,8400,-1'),
('DC08',0,1,0,'-1,-1,-1,-1,-1','1,1,1,1,-1'),
('DH01',1,1,0,'-1,-1,-1,-1,-1','4000,7000,11500,19000,-1'),	/* MATCHES PF-20 */
('DC10',0,1,0,'-1,-1,-1,-1,-1','1,1,1,1,1'),
('DC11',0,1,0,'-1,-1,-1,-1,-1','1,1,1,1,1'),
('DC12',0,1,0,'-1,-1,-1,-1,-1','1,1,1,1,1'),
('DD01',1,1,0,'-1,-1,-1,-1,-1','-1,4000,-1,13000,-1'),		/* MATCHES PF-20 */
('DD02',1,1,0,'-1,-1,-1,-1,-1','-1,-1,-1,22000,-1'),		/* MATCHES PF-20 */
('DD03',0,1,0,'-1,-1,-1,-1,-1','1,1,1,1,1'),
('DE01',1,1,0,'-1,-1,-1,-1,-1','-1,-1,-1,13000,-1'),		/* MATCHES PF-20 */
('DE02',0,1,0,'-1,-1,-1,-1,-1','-1,10080,19440,34560,-1'),
('DC09',0,1,0,'-1,-1,-1,-1,-1','-1,4200,8100,14400,-1'),
('DF01',0,1,0,'-1,-1,-1,-1,-1','-1,-1,-1,-1,-1'),			/* MATCHES PF-20 */
('DF02',1,1,0,'-1,-1,-1,-1,-1','-1,-1,-1,16000,-1'),		/* MATCHES PF-20 */
('DF03',1,1,0,'-1,-1,-1,-1,-1','-1,3500,-1,11000,-1'),		/* MATCHES PF-20 */
('DF04',0,1,0,'-1,-1,-1,-1,-1','-1,3500,6000,11000,-1'),
('DF05',1,1,0,'-1,-1,-1,-1,-1','-1,3500,-1,11000,-1'),		/* MATCHES PF-20 */
('DF06',1,1,0,'-1,-1,-1,-1,-1','4200,8250,16500,33000,-1'),	/* MATCHES PF-20 */
('DF07',0,1,0,'-1,-1,-1,-1,-1','-1,10500,20250,36000,-1'),
('DF08',0,1,0,'-1,-1,-1,-1,-1','-1,4900,8900,16000,-1'),
('DF09',0,1,0,'-1,-1,-1,-1,-1','2300,3900,7100,12800,1250'),
('DF10',0,1,0,'-1,-1,-1,-1,-1','1,1,1,1,1'),
('DF11',0,1,0,'-1,-1,-1,-1,-1','1,1,1,1,1'),
('DG01',1,1,0,'-1,-1,-1,-1,-1','-1,-1,-1,16000,-1'),		/* MATCHES PF-20 */
('DG02',0,1,0,'-1,-1,-1,-1,-1','-1,11880,19800,33000,-1'),
('DG03',1,1,0,'-1,-1,-1,-1,-1','-1,4500,-1,15000,-1'),		/* MATCHES PF-20 */
('DG04',1,1,0,'-1,-1,-1,-1,-1','-1,4500,-1,12000,-1'),		/* MATCHES PF-20 */
('DG05',0,1,0,'-1,-1,-1,-1,-1','-1,-1,-1,-1,-1'),			/* MATCHES PF-20 */
('DG06',0,1,0,'-1,-1,-1,-1,-1','-1,2800,5400,9600,-1'),
('DG07',1,1,0,'-1,-1,-1,-1,-1','-1,-1,-1,29000,-1'),		/* MATCHES PF-20 */
('DG08',0,1,0,'-1,-1,-1,-1,-1','-1,7300,12500,23000,-1'),
('DG09',0,1,0,'-1,-1,-1,-1,-1','1,1,1,1,1'),
('DG10',0,1,0,'-1,-1,-1,-1,-1','1,1,1,1,1'),
('DG11',0,1,0,'-1,-1,-1,-1,-1','1,1,1,1,1'),
('DG12',0,1,0,'-1,-1,-1,-1,-1','1,1,1,1,1'),
('DT01',0,1,0,'-1,-1,-1,-1,-1','-1,7000,13500,20000,-1'),
('DH02',1,1,0,'-1,-1,-1,-1,-1','4500,7500,12500,21000,-1'),	/* MATCHES PF-20 */
('DT02',1,1,0,'-1,-1,-1,-1,-1','4500,7500,12500,21000,-1'),	/* MATCHES PF-20 */
('DI01',1,1,0,'-1,-1,-1,-1,-1','2500,4000,7000,12000,-1'),	/* MATCHES PF-20 */
('DI02',0,1,0,'-1,-1,-1,-1,-1','1,1,1,1,1'),
('DJ01',0,1,0,'-1,-1,-1,-1,-1','-1,-1,-1,-1,-1'),			/* MATCHES PF-20 */
('DJ02',0,1,0,'-1,-1,-1,-1,-1','-1,-1,-1,-1,-1'),
('DJ03',1,1,0,'-1,-1,-1,-1,-1','-1,6000,-1,19000,-1'),		/* MATCHES PF-20 */
('DJ04',0,1,0,'-1,-1,-1,-1,-1','-1,-1,-1,-1,-1'),
('DK01',1,1,0,'-1,-1,-1,-1,-1','-1,4000,-1,12000,-1'),		/* MATCHES PF-20 */
('DK02',0,1,0,'-1,-1,-1,-1,-1','-1,-1,-1,-1,-1'),
('DL01',0,1,0,'-1,-1,-1,-1,-1','-1,-1,-1,-1,-1'),			/* MATCHES PF-20 */
('DL02',0,1,0,'-1,-1,-1,-1,-1','500,1000,1500,2000,-1'),
('DM01',1,1,0,'-1,-1,-1,-1,-1','500,1000,1500,2000,-1'),	/* MATCHES PF-20 */
('DN01',0,1,0,'-1,-1,-1,-1,-1','-1,-1,-1,-1,-1'),			/* MATCHES PF-20 */
('DO01',1,1,0,'-1,-1,-1,-1,-1','500,1000,1500,2000,-1'),	/* MATCHES PF-20 */
('DO02',1,1,0,'-1,-1,-1,-1,-1','3000,7000,15000,25000,-1'),	/* MATCHES PF-20 */
('DO03',0,1,0,'-1,-1,-1,-1,-1','-1,-1,-1,-1,-1'),
('DP01',0,1,0,'-1,-1,-1,-1,-1','-1,-1,15000,20000,-1'),
('DP02',0,1,0,'-1,-1,-1,-1,-1','-1,-1,-1,-1,-1'),
('DP03',0,1,0,'-1,-1,-1,-1,-1','-1,-1,-1,-1,-1'),
('DP04',0,1,0,'-1,-1,-1,-1,-1','-1,-1,-1,-1,-1'),
('DQ01',0,1,0,'-1,-1,-1,-1,-1','-1,-1,-1,-1,-1'),			/* MATCHES PF-20 */
('DQ02',0,1,0,'-1,-1,-1,-1,-1','-1,1500,3000,5000,-1'),
('DQ03',0,1,0,'-1,-1,-1,-1,-1','-1,2500,4000,6400,-1'),
('DR01',0,1,0,'-1,-1,-1,-1,-1','-1,-1,-1,-1,-1'),			/* MATCHES PF-20 */
('DR02',1,1,0,'-1,-1,-1,-1,-1','-1,4500,-1,15000,-1'),		/* MATCHES PF-20 */
('DS01',1,1,0,'-1,-1,-1,-1,-1','3600,-1,7200,8000,-1'),		/* MATCHES PF-20 */
('DS02',0,1,0,'-1,-1,-1,-1,-1','900,-1,1800,2800,-1'),
('DS03',0,1,0,'-1,-1,-1,-1,-1','-1,2100,4050,7200,-1'),
('DS05',1,1,0,'-1,-1,-1,-1,-1','4000,-1,12800,19600,-1'),	/* MATCHES PF-20 */
('DS10',0,1,0,'-1,-1,-1,-1,-1','100,180,-1,490,50'),
('DT03',1,1,0,'-1,-1,-1,-1,-1','2300,4500,9500,15000,-1'),	/* MATCHES PF-20 */
('DT04',0,1,0,'-1,-1,-1,-1,-1','-1,2500,4000,7000,-1'),
('DU01',1,1,0,'-1,-1,-1,-1,-1','3600,-1,7200,11200,-1'),	/* MATCHES PF-20 */
('DU02',1,1,0,'-1,-1,-1,-1,-1','-1,-1,8400,13200,-1'),		/* MATCHES PF-20 */
('DU03',0,1,0,'-1,-1,-1,-1,-1','700,-1,2100,3300,-1'),
('DV01',1,1,0,'-1,-1,-1,-1,-1','3600,-1,7200,11200,-1'),	/* MATCHES PF-20 */
('DW01',0,1,0,'-1,-1,-1,-1,-1','-1,-1,-1,-1,-1'),
('DW02',0,1,0,'-1,-1,-1,-1,-1','-1,-1,-1,-1,-1'),
('DW03',0,1,0,'-1,-1,-1,-1,-1','-1,-1,-1,-1,-1'),
('DW04',0,1,0,'-1,-1,-1,-1,-1','-1,-1,-1,-1,-1'),
('DX01',1,1,0,'-1,-1,-1,-1,-1','-1,3500,-1,11000,-1'),		/* MATCHES PF-20 */
('DX02',0,1,0,'-1,-1,-1,-1,-1','900,-1,1800,2800,-1'),
('DZ01',0,1,0,'-1,-1,-1,-1,-1','-1,-1,-1,-1,-1');

/*Table structure for table `item_target_info` */

DROP TABLE IF EXISTS `item_target_info`;

CREATE TABLE `item_target_info` (
  `code` varchar(4) CHARACTER SET utf8 COLLATE utf8_bin NOT NULL,
  `power` smallint(6) NOT NULL DEFAULT '-1',
  `personal` varchar(24) CHARACTER SET utf8 COLLATE utf8_bin NOT NULL DEFAULT '0,0,0',
  `surface` varchar(24) CHARACTER SET utf8 COLLATE utf8_bin NOT NULL DEFAULT '0,0,0',
  `ship` varchar(24) CHARACTER SET utf8 COLLATE utf8_bin NOT NULL DEFAULT '0,0,0',
  `air` varchar(24) CHARACTER SET utf8 COLLATE utf8_bin NOT NULL DEFAULT '0,0,0',
  PRIMARY KEY (`code`)
) ENGINE=InnoDB DEFAULT CHARSET=utf8;

/*Data for the table `item_target_info` */

insert  into `item_target_info`(`code`,`power`,`personal`,`surface`,`ship`,`air`) values 
('D001',650,'100,90,80','0,0,0','0,0,0','0,0,0'),
('D101',0,'0,0,0','0,0,0','0,0,0','0,0,0'),
('D501',260,'100,80,60','0,0,0','0,0,0','0,0,0'),
('D502',340,'100,80,60','2,0,0','2,0,0','2,0,0'),
('D601',420,'100,80,60','0,0,0','0,0,0','0,0,0'),
('D602',430,'100,80,60','0,0,0','0,0,0','0,0,0'),
('D701',1000,'100,100,100','2,0,0','2,0,0','2,0,0'),
('D702',1200,'100,100,100','50,20,0','50,20,0','50,20,0'),
('D801',520,'100,80,60','4,0,0','2,0,0','4,0,0'),
('D802',400,'100,100,100','2,0,0','2,0,0','2,0,0'),
('D901',500,'100,80,60','3,2,0','2,0,0','2,0,0'),
('D902',600,'100,80,60','8,3,1','6,0,0','7,6,5'),
('DA01',400,'100,80,60','0,0,0','0,0,0','0,0,0'),
('DA02',200,'100,80,60','0,0,0','0,0,0','0,0,0'),
('DA03',400,'100,80,60','0,0,0','0,0,0','0,0,0'),
('DA04',400,'100,80,60','0,0,0','0,0,0','0,0,0'),
('DA05',200,'100,90,80','0,0,0','0,0,0','0,0,0'),
('DA10',400,'100,80,60','0,0,0','0,0,0','0,0,0'),
('DA20',500,'100,80,60','0,0,0','0,0,0','0,0,0'),
('DB01',320,'100,80,60','0,0,0','0,0,0','0,0,0'),
('DB02',520,'100,80,60','0,0,0','0,0,0','0,0,0'),
('DB03',290,'100,80,60','0,0,0','0,0,0','0,0,0'),
('DB04',520,'100,80,60','0,0,0','0,0,0','0,0,0'),
('DB05',320,'100,80,60','0,0,0','0,0,0','0,0,0'),
('DB06',400,'100,80,60','0,0,0','0,0,0','0,0,0'),
('DB07',350,'100,80,60','0,0,0','0,0,0','0,0,0'),
('DB08',280,'100,80,60','0,0,0','0,0,0','0,0,0'),
('DB09',280,'100,80,60','0,0,0','0,0,0','0,0,0'),
('DC01',510,'100,80,60','2,0,0','2,0,0','2,0,0'),
('DC02',460,'100,80,60','2,0,0','2,0,0','2,0,0'),
('DC03',430,'100,80,60','2,0,0','2,0,0','2,0,0'),
('DC04',390,'100,80,60','2,0,0','2,0,0','2,0,0'),
('DC05',500,'100,80,60','2,0,0','2,0,0','2,0,0'),
('DC06',450,'100,80,60','2,0,0','2,0,0','2,0,0'),
('DC07',500,'100,80,60','2,0,0','2,0,0','2,0,0'),
('DC08',420,'100,80,60','0,0,0','0,0,0','0,0,0'),
('DH01',520,'100,80,60','4,0,0','2,0,0','4,0,0'),
('DC10',430,'100,80,60','0,0,0','0,0,0','0,0,0'),
('DC11',420,'100,80,60','0,0,0','0,0,0','0,0,0'),
('DC12',435,'100,80,60','0,0,0','0,0,0','0,0,0'),
('DD01',340,'100,80,60','2,0,0','2,0,0','2,0,0'),
('DD02',340,'100,80,60','2,0,0','2,0,0','2,0,0'),
('DD03',340,'100,80,60','0,0,0','0,0,0','0,0,0'),
('DE01',450,'100,100,100','2,0,0','2,0,0','2,0,0'),
('DE02',400,'100,100,100','2,0,0','2,0,0','2,0,0'),
('DC09',380,'100,80,60','0,0,0','0,0,0','0,0,0'),
('DF01',400,'100,80,60','0,0,0','0,0,0','0,0,0'),
('DF02',380,'100,80,60','0,0,0','0,0,0','0,0,0'),
('DF03',435,'100,80,60','0,0,0','0,0,0','0,0,0'),
('DF04',420,'100,80,60','0,0,0','0,0,0','0,0,0'),
('DF05',425,'100,80,60','2,0,0','2,0,0','2,0,0'),
('DF06',430,'100,80,60','0,0,0','0,0,0','0,0,0'),
('DF07',260,'100,80,60','0,0,0','0,0,0','0,0,0'),
('DF08',370,'100,80,60','0,0,0','0,0,0','0,0,0'),
('DF09',260,'100,80,60','0,0,0','0,0,0','0,0,0'),
('DF10',420,'100,80,60','0,0,0','0,0,0','0,0,0'),
('DF11',420,'100,80,60','0,0,0','0,0,0','0,0,0'),
('DG01',1400,'100,100,100','2,0,0','2,0,0','2,0,0'),
('DG02',3300,'100,100,100','50,20,0','50,20,0','50,20,0'),
('DG03',400,'100,90,80','2,0,0','2,0,0','2,0,0'),
('DG04',900,'100,100,100','2,0,0','2,0,0','2,0,0'),
('DG05',850,'100,100,100','2,0,0','2,0,0','2,0,0'),
('DG06',700,'100,100,100','2,0,0','2,0,0','2,0,0'),
('DG07',1400,'100,100,100','2,0,0','2,0,0','2,0,0'),
('DG08',1500,'100,100,100','0,0,0','0,0,0','0,0,0'),
('DG09',1000,'100,100,100','0,0,0','0,0,0','0,0,0'),
('DG10',1000,'100,100,100','0,0,0','0,0,0','0,0,0'),
('DG11',1000,'100,100,100','0,0,0','0,0,0','0,0,0'),
('DG12',1000,'100,100,100','0,0,0','0,0,0','0,0,0'),
('DH02',500,'100,80,60','3,2,0','2,0,0','2,0,0'),
('DI01',400,'100,90,80','2,0,0','2,0,0','2,0,0'),
('DI02',400,'100,90,80','2,0,0','2,0,0','2,0,0'),
('DJ01',1200,'70,65,50','100,100,100','80,20,20','60,50,35'),
('DJ02',500,'100,80,70','100,100,100','80,20,20','80,50,20'),
('DJ03',1490,'60,55,40','100,100,100','80,20,20','80,50,40'),
('DJ04',500,'100,80,70','100,100,100','80,20,20','80,50,20'),
('DK01',1000,'70,60,50','80,60,40','80,20,20','200,130,81'),
('DK02',500,'90,80,70','80,60,40','80,20,20','100,100,100'),
('DL01',2000,'50,0,0','100,100,100','0,0,0','0,0,0'),
('DL02',0,'0,0,0','0,0,0','0,0,0','0,0,0'),
('DM01',1000,'100,90,80','90,75,50','40,30,20','40,30,20'),
('DN01',1000,'100,90,80','90,75,50','40,30,20','40,30,20'),
('DO01',0,'0,0,0','0,0,0','0,0,0','0,0,0'),
('DO02',0,'0,0,0','0,0,0','0,0,0','0,0,0'),
('DO03',0,'0,0,0','0,0,0','0,0,0','0,0,0'),
('DP01',1200,'100,90,80','0,0,0','0,0,0','0,0,0'),
('DP02',0,'0,0,0','0,0,0','0,0,0','0,0,0'),
('DP03',200,'100,100,100','0,0,0','0,0,0','0,0,0'),
('DP04',6000,'100,100,100','50,40,30','20,10,0','50,40,30'),
('DQ01',500,'0,0,0','0,0,0','0,0,0','0,0,0'),
('DQ02',500,'0,0,0','0,0,0','0,0,0','0,0,0'),
('DQ03',500,'0,0,0','0,0,0','0,0,0','0,0,0'),
('DR01',0,'0,0,0','0,0,0','0,0,0','0,0,0'),
('DR02',0,'0,0,0','0,0,0','0,0,0','0,0,0'),
('DS01',1000,'0,0,0','0,0,0','0,0,0','0,0,0'),
('DS02',0,'0,0,0','0,0,0','0,0,0','0,0,0'),
('DS03',1000,'0,0,0','0,0,0','0,0,0','0,0,0'),
('DS05',0,'0,0,0','0,0,0','0,0,0','0,0,0'),
('DS10',1000,'0,0,0','0,0,0','0,0,0','0,0,0'),
('DT01',460,'100,80,60','7,3,1','2,0,0','2,0,0'),
('DT02',600,'100,80,60','8,3,1','6,0,0','7,6,5'),
('DT03',1000,'100,80,60','100,80,60','100,80,20','100,60,20'),
('DT04',1000,'100,80,60','100,80,60','100,80,20','100,60,20'),
('DU01',200,'0,0,0','0,0,0','0,0,0','0,0,0'),
('DU02',200,'100,100,100','0,0,0','0,0,0','0,0,0'),
('DU03',200,'100,100,100','0,0,0','0,0,0','0,0,0'),
('DV01',500,'0,0,0','0,0,0','0,0,0','0,0,0'),
('DW01',1000,'100,80,60','100,80,20','100,20,0','0,0,0'),
('DW02',0,'0,0,0','0,0,0','0,0,0','0,0,0'),
('DW03',0,'0,0,0','0,0,0','0,0,0','0,0,0'),
('DW04',700,'0,0,0','100,100,100','100,100,100','100,100,100'),
('DX01',0,'0,0,0','0,0,0','0,0,0','0,0,0'),
('DX02',0,'0,0,0','0,0,0','0,0,0','0,0,0'),
('DZ01',200,'0,0,0','0,0,0','0,0,0','0,0,0');

/*Table structure for table `item_weapons` */

DROP TABLE IF EXISTS `item_weapons`;

CREATE TABLE `item_weapons` (
  `id` smallint(5) unsigned NOT NULL,
  `code` varchar(4) CHARACTER SET utf8 COLLATE utf8_bin NOT NULL,
  `active` tinyint(1) NOT NULL DEFAULT '0',
  `name` varchar(50) CHARACTER SET utf8 COLLATE utf8_bin NOT NULL,
  PRIMARY KEY (`id`)
) ENGINE=InnoDB DEFAULT CHARSET=utf8;

/*Data for the table `item_weapons` */

insert  into `item_weapons`(`id`,`code`,`active`,`name`) values 
(0,'DA01',1,'DA_M7'),
(1,'DA02',1,'DA_KNUCKLE'),
(2,'DA03',1,'DA_STILETTO'),
(3,'DA04',1,'DA_SWORD'),
(7,'DB01',1,'DB_COLT'),
(8,'DB02',1,'DB_DESERT_EG'),
(9,'DB03',1,'DB_MP5K'),
(10,'DB04',1,'DB_MAGNUM'),
(11,'DB05',1,'DB_GLOCK'),
(12,'DB06',1,'DB_BERETTA_D'),
(13,'DB07',1,'DB_THROWING_KNIFE'),
(16,'DC01',1,'DC_AK47'),
(17,'DC02',1,'DC_K2'),
(18,'DC03',1,'DC_M4A1'),
(19,'DC04',1,'DC_FAMAS'),
(20,'DC05',1,'DC_L85A1'),
(21,'DC06',1,'DC_XM8'),
(22,'DC07',1,'DC_TYPE89'),
(23,'DC08',1,'DC_SIG550'),
(24,'DC09',1,'DC_TAR_21'),
(28,'DD01',1,'DD_G36C'),
(29,'DD02',1,'DD_G36C_D'),
(31,'DE01',1,'DE_G36'),
(32,'DE02',1,'DE_G36_D'),
(33,'DF01',1,'DF_MP5'),
(34,'DF02',1,'DF_P90'),
(35,'DF03',1,'DF_UZI'),
(36,'DF04',1,'DF_TMP9'),
(37,'DF05',1,'DF_K1'),
(38,'DF06',1,'DF_MP7A1'),
(39,'DF07',1,'DF_SCORPION_D'),
(40,'DF08',1,'DF_Spectre_M4'),
(44,'DG01',1,'DG_PSG_1'),
(45,'DG02',1,'DG_BARRETT_M82'),
(46,'DG03',1,'DG_AUG'),
(47,'DG04',1,'DG_SSG'),
(48,'DG05',1,'DG_M24'),
(49,'DG06',1,'DG_DRAGUNOV_SVD'),
(50,'DG07',1,'DG_AI_AW'),
(51,'DG08',1,'DG_AW50F'),
(56,'DH01',1,'DH_M60'),
(57,'DH02',1,'DH_M249'),
(58,'DI01',1,'DI_WINCHESTER_1300'),
(60,'DJ01',1,'DJ_PZF_3'),
(61,'DJ02',1,'DJ_M136AT_4'),
(62,'DJ03',1,'DJ_RPG_7'),
(63,'DJ04',1,'DJ_JAVELIN'),
(64,'DK01',1,'DK_STINGER'),
(65,'DK02',1,'DK_SG'),
(66,'DL01',1,'DL_TMA_1A'),
(67,'DL02',1,'DL_HA_SUPPLY'),
(68,'DM01',1,'DM_K400_GRENADE'),
(69,'DN01',1,'DN_K400_GRENADE_ASSULT'),
(70,'DO01',1,'DO_SMOKE_G'),
(71,'DO02',1,'DO_FLASH_BANG_1'),
(72,'DO03',1,'DO_FLASH_BANG_2'),
(73,'DP01',1,'DP_CLAYMORE'),
(74,'DP02',1,'DP_CLAYMORE_SWITCH'),
(75,'DP03',1,'DP_PDA'),
(76,'DP04',1,'DP_SWITCH_C4'),
(77,'DQ01',1,'DQ_MEDIC_KIT_1'),
(78,'DQ02',1,'DQ_MEDIC_KIT_2'),
(79,'DQ03',1,'DQ_MEDIC_KIT_3'),
(80,'DR01',1,'DR_SPANNER'),
(81,'DR02',1,'DR_PIPE_WRENCH'),
(82,'DS01',1,'DS_ADRENALINE'),
(83,'DS02',1,'DS_PARACHUTE'),
(84,'DS03',1,'DS_STAMINA'),
(86,'DX02',1,'DS_DETECTOR'),
(87,'DX01',1,'DS_TELESCOPE'),
(88,'DS05',1,'DS_FLASH_MINE'),
(89,'DT01',1,'DT_MG3'),
(90,'DT02',1,'DT_M134'),
(91,'DT03',1,'DT_MK1S'),
(92,'DT04',1,'DT_HK69'),
(93,'DU01',1,'DU_AMMO_BOX'),
(94,'DU02',1,'DU_M14'),
(95,'DU03',1,'DU_TEARGAS'),
(96,'DV01',1,'DV_MEDIC_BOX'),
(97,'DW01',1,'DW_K203'),
(98,'DW02',1,'DW_TELESCOPE'),
(99,'DW03',1,'DW_SILENCER'),
(100,'DW04',1,'DU_NIPPERS'),
(101,'DZ01',1,'DZ_HA_SUPPLY'),
(102,'D001',1,'D0_DRUM_PIECE'),
(103,'D101',1,'D1_SLOT_CHG_6TH'),
(104,'DA05',1,'DA_KNUCKLE_2'),
(105,'DA10',1,'DA_STILETTO_JP'),
(106,'DA20',1,'DA_SWORD_JP'),
(107,'DB08',1,'DB_MICRO_UZI'),
(108,'DB09',1,'DB_BERETTA_M93R'),
(109,'DC10',1,'DC_M16A4'),
(110,'DC11',1,'DC_AN94'),
(111,'DC12',1,'DC_HK417'),
(112,'DD03',1,'DD_AKS74U'),
(113,'DF09',1,'DF_MAC10'),
(114,'DF10',1,'DF_UMP45'),
(115,'DF11',1,'DF_CX4STORM'),
(116,'DG09',1,'DG_M21'),
(117,'DG10',1,'DG_WA2000'),
(118,'DG11',1,'DG_SR25'),
(119,'DG12',1,'DG_M40A1'),
(120,'DI02',1,'DI_M4SUPER90'),
(121,'DS10',1,'DS_HP_KIT'),
(122,'D501',1,'D5_SCORPION_D'),
(123,'D502',1,'D5_G36C_D'),
(124,'D601',1,'D6_TMP9'),
(125,'D602',1,'D6_MP7A1'),
(126,'D701',1,'D7_AIAW'),
(127,'D702',1,'D7_BARRETT_M82'),
(128,'D801',1,'D8_M60'),
(129,'D802',1,'D8_G36'),
(130,'D901',1,'D9_M249'),
(131,'D902',1,'D9_M134');

/*Table structure for table `macaddress_blacklist` */

DROP TABLE IF EXISTS `macaddress_blacklist`;

CREATE TABLE `macaddress_blacklist` (
  `index` bigint(20) unsigned NOT NULL AUTO_INCREMENT,
  `macaddress` varchar(20) NOT NULL DEFAULT '000000000000',
  PRIMARY KEY (`index`)
) ENGINE=InnoDB AUTO_INCREMENT=4 DEFAULT CHARSET=utf8;

/*Data for the table `macaddress_blacklist` */

insert  into `macaddress_blacklist`(`index`,`macaddress`) values 
(1,'000000000000'),
(2,'000000000000'),
(3,'000000000000');

/*Table structure for table `map_data` */

DROP TABLE IF EXISTS `map_data`;

CREATE TABLE `map_data` (
  `id` tinyint(1) NOT NULL,
  `name` varchar(255) CHARACTER SET utf8 COLLATE utf8_bin NOT NULL DEFAULT '',
  `flag_count` tinyint(1) DEFAULT '2',
  `flag_state` varchar(8) CHARACTER SET utf8 COLLATE utf8_bin NOT NULL,
  `channels` varchar(8) CHARACTER SET utf8 COLLATE utf8_bin NOT NULL DEFAULT 'F,F,F,F',
  `gamemode` varchar(12) CHARACTER SET utf8 COLLATE utf8_bin NOT NULL DEFAULT 'F,T,T,0,F',
  `restriction_pay_type` enum('0','1','2','3') CHARACTER SET utf8 COLLATE utf8_bin NOT NULL DEFAULT '0' COMMENT '0 = Free, 1+ = Premium',
  `vehiclecount` tinyint(1) DEFAULT '0',
  PRIMARY KEY (`id`)
) ENGINE=InnoDB DEFAULT CHARSET=utf8;

/*Data for the table `map_data` */

insert  into `map_data`(`id`,`name`,`flag_count`,`flag_state`,`channels`,`gamemode`,`restriction_pay_type`,`vehiclecount`) values 
(0,'Montana',3,'0-2','F,T,F,F','F,T,T,0,F','0',6),
(1,'Harbor Ida',4,'1-0','F,T,F,F','F,T,T,16,F','0',0),
(2,'Emblem',5,'0-1','F,T,T,F','F,T,T,0,F','0',13),
(3,'Havana',6,'3-2','F,T,T,F','F,T,T,0,F','0',8),
(4,'Ohara',5,'0-1','F,F,T,F','F,T,T,0,F','0',22),
(5,'Ravello',4,'2-0','F,T,F,F','F,T,T,16,F','0',0),
(6,'Ravello 2nd St.',4,'2-0','F,T,F,F','F,T,T,16,F','0',0),
(7,'Engrene',12,'0-5','F,F,T,F','F,T,T,0,F','0',36),
(8,'Pargona',10,'0-1','F,F,T,F','F,T,T,0,F','0',29),
(9,'Pargona East',10,'9-0','F,F,T,F','F,T,T,0,F','0',30),
(10,'Harbor Elia',5,'4-1','F,T,F,F','F,T,T,16,F','0',0),
(11,'Conturas',10,'1-0','F,F,T,F','F,T,T,0,F','0',38),
(12,'Marien',2,'1-0','T,F,F,F','T,F,F,8,F','0',0),
(13,'Cadoro',2,'0-1','T,F,F,F','T,F,F,8,F','0',0),
(14,'Velruf',2,'1-0','T,F,F,F','T,F,F,8,F','0',0),
(15,'Xauen',2,'1-0','T,F,F,F','T,F,F,8,F','0',0),
(16,'Cantumira',7,'0-1','F,T,T,F','F,T,T,0,F','0',14),
(17,'Khyber',2,'0-1','T,F,F,F','T,F,F,8,F','0',0),
(18,'Zakhar',5,'0-1','F,T,T,F','F,T,T,0,F','0',15),
(19,'Karaqum',2,'1-0','T,F,F,F','T,F,F,8,F','0',0),
(20,'Alberon',2,'0-1','F,T,F,F','F,T,F,0,F','0',2),
(21,'Nerbil',2,'0-1','F,T,F,F','F,T,F,0,F','0',0),
(22,'Bloc',2,'1-0','T,F,F,F','T,F,F,8,F','0',0),
(23,'Khali',2,'1-0','T,F,F,F','T,F,F,8,F','0',0),
(24,'Thamugadi',10,'0-1','F,F,T,F','F,T,T,0,F','0',22),
(25,'Bandar',7,'0-1','F,F,T,F','F,T,T,0,F','0',31),
(26,'Vitious',2,'0-1','F,T,F,F','F,T,F,0,F','0',0),
(27,'Odyssey',2,'1-0','F,T,F,F','F,T,F,0,F','0',16),
(28,'Red Clover',2,'1-0','T,F,F,F','F,T,F,0,F','0',0),
(29,'Cold Cave',2,'0-1','T,F,F,F','F,T,F,0,F','0',0),
(30,'Rusty Nails',2,'0-1','T,F,F,F','F,T,F,0,F','0',0),
(31,'Cloud Forest',4,'1-0','F,T,T,F','F,T,T,0,F','0',8),
(32,'Crater',8,'5-0','F,F,T,F','F,T,T,0,F','0',39),
(33,'BlueStorm',2,'0-1','T,F,F,F','F,T,F,0,F','0',0),
(34,'Beringia',2,'0-1','T,F,F,F','T,F,F,8,F','0',0),
(35,'Paroho',4,'0-2','F,T,F,F','F,T,T,0,F','0',5),
(36,'Darkglow',2,'0-1','T,F,F,F','F,T,F,0,F','0',0),
(37,'Disturm',9,'1-0','F,F,T,F','F,T,T,0,F','0',38),
(38,'Artifact',2,'1-0','T,F,F,F','T,F,F,8,F','0',0),
(39,'Winter Forest',4,'3-0','F,T,T,F','F,T,T,0,F','0',10),
(40,'Decay',2,'1-0','T,F,F,F','T,F,F,8,F','0',0),
(41,'LostTemple',2,'1-0','T,F,F,F','F,T,F,0,F','0',0),
(42,'KalyeDos',2,'1-0','T,F,F,F','F,T,F,0,F','0',0),
(43,'NightMarien',2,'1-0','T,F,F,F','T,F,F,8,F','0',0);

/*Table structure for table `map_vehicles` */

DROP TABLE IF EXISTS `map_vehicles`;

CREATE TABLE `map_vehicles` (
  `index` int(11) NOT NULL,
  `MapID` tinyint(4) NOT NULL,
  `MapName` varchar(255) DEFAULT NULL,
  `VehicleMapID` tinyint(1) NOT NULL,
  `VehicleCode` varchar(255) NOT NULL,
  UNIQUE KEY `index` (`index`)
) ENGINE=InnoDB DEFAULT CHARSET=utf8;

/*Data for the table `map_vehicles` */

insert  into `map_vehicles`(`index`,`MapID`,`MapName`,`VehicleMapID`,`VehicleCode`) values 
(0,0,'Montana',0,'ED01'),
(1,0,'Montana',1,'ED01'),
(2,0,'Montana',2,'ED01'),
(3,0,'Montana',3,'EA01'),
(4,0,'Montana',4,'EA01'),
(5,0,'Montana',5,'ED01'),
(6,2,'Emblem',0,'EC01'),
(7,2,'Emblem',1,'EC01'),
(8,2,'Emblem',2,'EF04'),
(9,2,'Emblem',3,'EC01'),
(10,2,'Emblem',4,'EC01'),
(11,2,'Emblem',5,'EF04'),
(12,2,'Emblem',6,'ED01'),
(13,2,'Emblem',7,'ED01'),
(14,2,'Emblem',8,'ED01'),
(15,2,'Emblem',9,'EA01'),
(16,2,'Emblem',10,'EA01'),
(17,2,'Emblem',11,'EA01'),
(18,2,'Emblem',12,'EA01'),
(19,3,'Havana',0,'EE04'),
(20,3,'Havana',1,'EE04'),
(21,3,'Havana',2,'EG02'),
(22,3,'Havana',3,'EG02'),
(23,3,'Havana',4,'EA01'),
(24,3,'Havana',5,'EA01'),
(25,3,'Havana',6,'ED01'),
(26,3,'Havana',7,'ED01'),
(27,4,'Ohara',0,'ED01'),
(28,4,'Ohara',1,'ED01'),
(29,4,'Ohara',2,'EA01'),
(30,4,'Ohara',3,'EA01'),
(31,4,'Ohara',4,'EA01'),
(32,4,'Ohara',5,'EA01'),
(33,4,'Ohara',6,'EA01'),
(34,4,'Ohara',7,'EA01'),
(35,4,'Ohara',8,'EE04'),
(36,4,'Ohara',9,'EE04'),
(37,4,'Ohara',10,'EE04'),
(38,4,'Ohara',11,'EE04'),
(39,4,'Ohara',12,'ED01'),
(40,4,'Ohara',13,'EE01'),
(41,4,'Ohara',14,'EC01'),
(42,4,'Ohara',15,'EC01'),
(43,4,'Ohara',16,'EC01'),
(44,4,'Ohara',17,'EC01'),
(45,4,'Ohara',18,'EA01'),
(46,4,'Ohara',19,'EA01'),
(47,4,'Ohara',20,'ED08'),
(48,4,'Ohara',21,'ED08'),
(49,7,'Engrene',0,'EK01'),
(50,7,'Engrene',1,'EJ07'),
(51,7,'Engrene',2,'EK01'),
(52,7,'Engrene',3,'EB01'),
(53,7,'Engrene',4,'EB01'),
(54,7,'Engrene',5,'EI01'),
(55,7,'Engrene',6,'EI01'),
(56,7,'Engrene',7,'EB01'),
(57,7,'Engrene',8,'EJ08'),
(58,7,'Engrene',9,'EB01'),
(59,7,'Engrene',10,'EJ08'),
(60,7,'Engrene',11,'EI01'),
(61,7,'Engrene',12,'EK01'),
(62,7,'Engrene',13,'EK01'),
(63,7,'Engrene',14,'EJ07'),
(64,7,'Engrene',15,'EB01'),
(65,7,'Engrene',16,'EI01'),
(66,7,'Engrene',17,'EB01'),
(67,7,'Engrene',18,'EI02'),
(68,7,'Engrene',19,'EI02'),
(69,7,'Engrene',20,'EC01'),
(70,7,'Engrene',21,'EC01'),
(71,7,'Engrene',22,'EA01'),
(72,7,'Engrene',23,'EA01'),
(73,7,'Engrene',24,'ED02'),
(74,7,'Engrene',25,'EE04'),
(75,7,'Engrene',26,'EE04'),
(76,7,'Engrene',27,'ED02'),
(77,7,'Engrene',28,'EE04'),
(78,7,'Engrene',29,'EE04'),
(79,7,'Engrene',30,'EC01'),
(80,7,'Engrene',31,'EC01'),
(81,7,'Engrene',32,'EB01'),
(82,7,'Engrene',33,'EB01'),
(83,7,'Engrene',34,'EB04'),
(84,7,'Engrene',35,'EB04'),
(85,8,'Pargona',0,'EJ06'),
(86,8,'Pargona',1,'EI01'),
(87,8,'Pargona',2,'EB01'),
(88,8,'Pargona',3,'EB01'),
(89,8,'Pargona',4,'ED01'),
(90,8,'Pargona',5,'EB01'),
(91,8,'Pargona',6,'EB01'),
(92,8,'Pargona',7,'EB01'),
(93,8,'Pargona',8,'EB01'),
(94,8,'Pargona',9,'EI01'),
(95,8,'Pargona',10,'EM01'),
(96,8,'Pargona',11,'EJ05'),
(97,8,'Pargona',12,'EL01'),
(98,8,'Pargona',13,'EJ05'),
(99,8,'Pargona',14,'EJ05'),
(100,8,'Pargona',15,'EB01'),
(101,8,'Pargona',16,'EJ06'),
(102,8,'Pargona',17,'EL01'),
(103,8,'Pargona',18,'EM01'),
(104,8,'Pargona',19,'ED01'),
(105,8,'Pargona',20,'EB01'),
(106,8,'Pargona',21,'EC01'),
(107,8,'Pargona',22,'EC01'),
(108,8,'Pargona',23,'EL01'),
(109,8,'Pargona',24,'EL01'),
(110,8,'Pargona',25,'EA01'),
(111,8,'Pargona',26,'EA01'),
(112,8,'Pargona',27,'EA01'),
(113,8,'Pargona',28,'EA01'),
(114,9,'Pargona_EAST',0,'EL01'),
(115,9,'Pargona_EAST',1,'EJ06'),
(116,9,'Pargona_EAST',2,'EJ05'),
(117,9,'Pargona_EAST',3,'EJ05'),
(118,9,'Pargona_EAST',4,'EB01'),
(119,9,'Pargona_EAST',5,'EB01'),
(120,9,'Pargona_EAST',6,'EL01'),
(121,9,'Pargona_EAST',7,'EL01'),
(122,9,'Pargona_EAST',8,'EM01'),
(123,9,'Pargona_EAST',9,'EI01'),
(124,9,'Pargona_EAST',10,'EJ05'),
(125,9,'Pargona_EAST',11,'EJ05'),
(126,9,'Pargona_EAST',12,'EC01'),
(127,9,'Pargona_EAST',13,'EB01'),
(128,9,'Pargona_EAST',14,'EJ06'),
(129,9,'Pargona_EAST',15,'EJ05'),
(130,9,'Pargona_EAST',16,'EJ05'),
(131,9,'Pargona_EAST',17,'EL01'),
(132,9,'Pargona_EAST',18,'EL01'),
(133,9,'Pargona_EAST',19,'EM01'),
(134,9,'Pargona_EAST',20,'EL01'),
(135,9,'Pargona_EAST',21,'ED02'),
(136,9,'Pargona_EAST',22,'ED01'),
(137,9,'Pargona_EAST',23,'ED02'),
(138,9,'Pargona_EAST',24,'EB01'),
(139,9,'Pargona_EAST',25,'ED02'),
(140,9,'Pargona_EAST',26,'ED01'),
(141,9,'Pargona_EAST',27,'EI01'),
(142,9,'Pargona_EAST',28,'EC01'),
(143,9,'Pargona_EAST',29,'ED02'),
(144,11,'Conturas',0,'EK02'),
(145,11,'Conturas',1,'EK04'),
(146,11,'Conturas',2,'EK02'),
(147,11,'Conturas',3,'EJ05'),
(148,11,'Conturas',4,'EK02'),
(149,11,'Conturas',5,'EK02'),
(150,11,'Conturas',6,'EK04'),
(151,11,'Conturas',7,'EK02'),
(152,11,'Conturas',8,'ED04'),
(153,11,'Conturas',9,'EB01'),
(154,11,'Conturas',10,'EK02'),
(155,11,'Conturas',11,'EK02'),
(156,11,'Conturas',12,'EK02'),
(157,11,'Conturas',13,'EC01'),
(158,11,'Conturas',14,'ED04'),
(159,11,'Conturas',15,'EB01'),
(160,11,'Conturas',16,'EK02'),
(161,11,'Conturas',17,'EK02'),
(162,11,'Conturas',18,'EK04'),
(163,11,'Conturas',19,'EK04'),
(164,11,'Conturas',20,'EK02'),
(165,11,'Conturas',21,'EK02'),
(166,11,'Conturas',22,'EJ05'),
(167,11,'Conturas',23,'EC01'),
(168,11,'Conturas',24,'ED04'),
(169,11,'Conturas',25,'ED04'),
(170,11,'Conturas',26,'ED04'),
(171,11,'Conturas',27,'ED04'),
(172,11,'Conturas',28,'EK02'),
(173,11,'Conturas',29,'EK02'),
(174,11,'Conturas',30,'EK02'),
(175,11,'Conturas',31,'EK04'),
(176,11,'Conturas',32,'EK02'),
(177,11,'Conturas',33,'EK02'),
(178,11,'Conturas',34,'EK02'),
(179,11,'Conturas',35,'EK04'),
(180,11,'Conturas',36,'EB01'),
(181,11,'Conturas',37,'EB01'),
(182,16,'Cantumira',0,'EE04'),
(183,16,'Cantumira',1,'ED04'),
(184,16,'Cantumira',2,'EJ05'),
(185,16,'Cantumira',3,'EC01'),
(186,16,'Cantumira',4,'EJ05'),
(187,16,'Cantumira',5,'EJ06'),
(188,16,'Cantumira',6,'EE03'),
(189,16,'Cantumira',7,'ED01'),
(190,16,'Cantumira',8,'ED05'),
(191,16,'Cantumira',9,'EB01'),
(192,16,'Cantumira',10,'EB01'),
(193,16,'Cantumira',11,'ED05'),
(194,16,'Cantumira',12,'EL01'),
(195,16,'Cantumira',13,'EM01'),
(196,18,'Zahkar',0,'ED04'),
(197,18,'Zahkar',1,'EE04'),
(198,18,'Zahkar',2,'ED05'),
(199,18,'Zahkar',3,'ED04'),
(200,18,'Zahkar',4,'ED01'),
(201,18,'Zahkar',5,'ED05'),
(202,18,'Zahkar',6,'EJ03'),
(203,18,'Zahkar',7,'EJ04'),
(204,18,'Zahkar',8,'ED01'),
(205,18,'Zahkar',9,'EE03'),
(206,18,'Zahkar',10,'EA01'),
(207,18,'Zahkar',11,'EB01'),
(208,18,'Zahkar',12,'EB01'),
(209,18,'Zahkar',13,'EA01'),
(210,18,'Zahkar',14,'EA01'),
(211,20,'Alberon',0,'EA01'),
(212,20,'Alberon',1,'EA01'),
(213,35,'Paroho',0,'EG02'),
(214,35,'Paroho',1,'EC01'),
(215,35,'Paroho',2,'EC01'),
(216,35,'Paroho',3,'EG02'),
(217,35,'Paroho',4,'EF04'),
(218,24,'Thamugadi',0,'EB01'),
(219,24,'Thamugadi',1,'EI02'),
(220,24,'Thamugadi',2,'EI01'),
(221,24,'Thamugadi',3,'EE04'),
(222,24,'Thamugadi',4,'EJ08'),
(223,24,'Thamugadi',5,'EC01'),
(224,24,'Thamugadi',6,'EB01'),
(225,24,'Thamugadi',7,'EB01'),
(226,24,'Thamugadi',8,'EJ03'),
(227,24,'Thamugadi',9,'EC01'),
(228,24,'Thamugadi',10,'EE04'),
(229,24,'Thamugadi',11,'EI02'),
(230,24,'Thamugadi',12,'EE03'),
(231,24,'Thamugadi',13,'EE02'),
(232,24,'Thamugadi',14,'EJ03'),
(233,24,'Thamugadi',15,'EB01'),
(234,24,'Thamugadi',16,'EB04'),
(235,24,'Thamugadi',17,'EB04'),
(236,24,'Thamugadi',18,'EB04'),
(237,24,'Thamugadi',19,'EJ03'),
(238,24,'Thamugadi',20,'EI01'),
(239,24,'Thamugadi',21,'EB04'),
(240,25,'Bandar',0,'ED01'),
(241,25,'Bandar',1,'EL01'),
(242,25,'Bandar',2,'EM01'),
(243,25,'Bandar',3,'EC01'),
(244,25,'Bandar',4,'EA01'),
(245,25,'Bandar',5,'EL01'),
(246,25,'Bandar',6,'EM01'),
(247,25,'Bandar',7,'EA01'),
(248,25,'Bandar',8,'EG02'),
(249,25,'Bandar',9,'EG02'),
(250,25,'Bandar',10,'EA01'),
(251,25,'Bandar',11,'EA01'),
(252,25,'Bandar',12,'EL01'),
(253,25,'Bandar',13,'EL01'),
(254,25,'Bandar',14,'EL01'),
(255,25,'Bandar',15,'EL01'),
(256,25,'Bandar',16,'EA01'),
(257,25,'Bandar',17,'EA01'),
(258,25,'Bandar',18,'EA01'),
(259,25,'Bandar',19,'ED01'),
(260,25,'Bandar',20,'EC01'),
(261,25,'Bandar',21,'EC01'),
(262,25,'Bandar',22,'EC01'),
(263,25,'Bandar',23,'EC01'),
(264,25,'Bandar',24,'EC01'),
(265,25,'Bandar',25,'ED05'),
(266,25,'Bandar',26,'EF04'),
(267,25,'Bandar',27,'EF04'),
(268,25,'Bandar',28,'EM01'),
(269,25,'Bandar',29,'EL01'),
(270,25,'Bandar',30,'EC01'),
(271,27,'Odyssey',0,'EC01'),
(272,27,'Odyssey',1,'EC01'),
(273,27,'Odyssey',2,'ED01'),
(274,27,'Odyssey',3,'ED01'),
(275,27,'Odyssey',4,'EM01'),
(276,27,'Odyssey',5,'EM01'),
(277,27,'Odyssey',6,'ED01'),
(278,27,'Odyssey',7,'ED01'),
(279,27,'Odyssey',8,'EC01'),
(280,27,'Odyssey',9,'EC01'),
(281,27,'Odyssey',10,'EM01'),
(282,27,'Odyssey',11,'EM01'),
(283,27,'Odyssey',12,'EC01'),
(284,27,'Odyssey',13,'EC01'),
(285,27,'Odyssey',14,'EC01'),
(286,27,'Odyssey',15,'EC01'),
(287,31,'Cloud Forest',0,'ED08'),
(288,31,'Cloud Forest',1,'ED08'),
(289,31,'Cloud Forest',2,'EA01'),
(290,31,'Cloud Forest',3,'ED01'),
(291,31,'Cloud Forest',4,'EA01'),
(292,31,'Cloud Forest',5,'EC01'),
(293,31,'Cloud Forest',6,'EC01'),
(294,31,'Cloud Forest',7,'ED01'),
(295,32,'Crater',0,'EJ06'),
(296,32,'Crater',1,'EB01'),
(297,32,'Crater',2,'EB04'),
(298,32,'Crater',3,'EK01'),
(299,32,'Crater',4,'EE03'),
(300,32,'Crater',5,'ED05'),
(301,32,'Crater',6,'ED08'),
(302,32,'Crater',7,'EA01'),
(303,32,'Crater',8,'EB01'),
(304,32,'Crater',9,'EC01'),
(305,32,'Crater',10,'EC01'),
(306,32,'Crater',11,'EK02'),
(307,32,'Crater',12,'ED01'),
(308,32,'Crater',13,'EC01'),
(309,32,'Crater',14,'EB04'),
(310,32,'Crater',15,'EB01'),
(311,32,'Crater',16,'EA01'),
(312,32,'Crater',17,'EA01'),
(313,32,'Crater',18,'EK01'),
(314,32,'Crater',19,'EK02'),
(315,32,'Crater',20,'EI02'),
(316,32,'Crater',21,'EC01'),
(317,32,'Crater',22,'EC01'),
(318,32,'Crater',23,'EJ03'),
(319,32,'Crater',24,'ED08'),
(320,32,'Crater',25,'EC01'),
(321,32,'Crater',26,'ED01'),
(322,32,'Crater',27,'ED02'),
(323,32,'Crater',28,'ED05'),
(324,32,'Crater',29,'EA01'),
(325,32,'Crater',30,'EC01'),
(326,32,'Crater',31,'EF04'),
(327,32,'Crater',32,'EC01'),
(328,32,'Crater',33,'ED08'),
(329,32,'Crater',34,'EJ07'),
(330,32,'Crater',35,'EB04'),
(331,32,'Crater',36,'EK04'),
(332,32,'Crater',37,'EK04'),
(333,32,'Crater',38,'EJ05'),
(334,37,'Disturm',0,'EK02'),
(335,37,'Disturm',1,'ED05'),
(336,37,'Disturm',2,'ED08'),
(337,37,'Disturm',3,'EM01'),
(338,37,'Disturm',4,'EL01'),
(339,37,'Disturm',5,'EM01'),
(340,37,'Disturm',6,'EM01'),
(341,37,'Disturm',7,'EE03'),
(342,37,'Disturm',8,'ED05'),
(343,37,'Disturm',9,'EB01'),
(344,37,'Disturm',10,'EL01'),
(345,37,'Disturm',11,'EB04'),
(346,37,'Disturm',12,'EC01'),
(347,37,'Disturm',13,'EB01'),
(348,37,'Disturm',14,'EB04'),
(349,37,'Disturm',15,'EE03'),
(350,37,'Disturm',16,'EC01'),
(351,37,'Disturm',17,'EA01'),
(352,37,'Disturm',18,'EC01'),
(353,37,'Disturm',19,'EL03'),
(354,37,'Disturm',20,'EE04'),
(355,37,'Disturm',21,'EK02'),
(356,37,'Disturm',22,'EN01'),
(357,37,'Disturm',23,'EN01'),
(358,37,'Disturm',24,'EN01'),
(359,37,'Disturm',25,'EN01'),
(360,37,'Disturm',26,'EN01'),
(361,37,'Disturm',27,'EN01'),
(362,37,'Disturm',28,'EN01'),
(363,37,'Disturm',29,'EN01'),
(364,37,'Disturm',30,'EN01'),
(365,37,'Disturm',31,'EA01'),
(366,37,'Disturm',32,'EA01'),
(367,37,'Disturm',33,'EC01'),
(368,37,'Disturm',34,'EC01'),
(369,37,'Disturm',35,'EN01'),
(370,37,'Disturm',36,'EB04'),
(371,37,'Disturm',37,'EB01'),
(372,39,'Winter Forest',0,'EA01'),
(373,39,'Winter Forest',1,'ED08'),
(374,39,'Winter Forest',2,'ED09'),
(375,39,'Winter Forest',3,'ED01'),
(376,39,'Winter Forest',4,'EC01'),
(377,39,'Winter Forest',5,'EC01'),
(378,39,'Winter Forest',6,'EA01'),
(379,39,'Winter Forest',7,'EC01'),
(380,39,'Winter Forest',8,'EC01'),
(381,39,'Winter Forest',9,'ED10');

/*Table structure for table `sessions` */

DROP TABLE IF EXISTS `sessions`;

CREATE TABLE `sessions` (
  `id` int(11) NOT NULL AUTO_INCREMENT,
  `userid` int(11) NOT NULL,
  `sessionid` int(12) NOT NULL,
  `expired` enum('0','1') NOT NULL DEFAULT '0',
  `session_start` datetime NOT NULL,
  `session_end` datetime DEFAULT NULL,
  `server` varchar(15) NOT NULL DEFAULT '""',
  PRIMARY KEY (`id`)
) ENGINE=InnoDB AUTO_INCREMENT=3341 DEFAULT CHARSET=utf8;

/*Data for the table `sessions` */

/*insert  into `sessions`(`id`,`userid`,`sessionid`,`expired`,`session_start`,`session_end`,`server`) values 
(3189,441,1,'1','2017-12-15 14:45:03','2017-12-15 14:45:33','Spain'); */

/*Table structure for table `user_details` */

DROP TABLE IF EXISTS `user_details`;

CREATE TABLE `user_details` (
  `id` int(10) unsigned NOT NULL,
  `kills` int(10) unsigned NOT NULL DEFAULT '0',
  `deaths` int(10) unsigned NOT NULL DEFAULT '0',
  `headshots` int(10) unsigned NOT NULL DEFAULT '0',
  `xp` bigint(20) unsigned NOT NULL DEFAULT '0',
  `money` int(10) unsigned NOT NULL DEFAULT '120000',
  `cash` int(10) unsigned NOT NULL DEFAULT '0',
  `premium` tinyint(3) unsigned NOT NULL DEFAULT '0',
  `premium_expiredate` bigint(20) unsigned NOT NULL DEFAULT '0',
  `play_time` int(10) unsigned NOT NULL DEFAULT '0',
  `rounds_played` int(10) unsigned NOT NULL DEFAULT '0',
  `bombs_planted` int(10) unsigned NOT NULL DEFAULT '0',
  `bombs_defused` int(10) unsigned NOT NULL DEFAULT '0',
  `clanid` int(11) NOT NULL DEFAULT '-1',
  `clanrank` int(11) NOT NULL DEFAULT '-1',
  `flags_taken` int(10) unsigned NOT NULL DEFAULT '0',
  `wins` int(10) unsigned NOT NULL,
  `losses` int(10) unsigned NOT NULL,
  `vehicles_destroyed` int(10) unsigned NOT NULL DEFAULT '0',
  UNIQUE KEY `id` (`id`)
) ENGINE=InnoDB DEFAULT CHARSET=utf8;

/*Data for the table `user_details` */

insert  into `user_details`(`id`,`kills`,`deaths`,`headshots`,`xp`,`money`,`cash`,`premium`,`premium_expiredate`,`play_time`,`rounds_played`,`bombs_planted`,`bombs_defused`,`clanid`,`clanrank`,`flags_taken`,`wins`,`losses`,`vehicles_destroyed`) values 
(1,0,0,0,1000000,1000000,0,3,1544881345000,0,0,0,0,0,0,0,0,0,0),
(2,0,0,0,1000000,1000000,0,3,1544881345000,0,0,0,0,0,0,0,0,0,0);

/*Table structure for table `user_equipment` */

DROP TABLE IF EXISTS `user_equipment`;

CREATE TABLE `user_equipment` (
  `owner` int(10) unsigned NOT NULL,
  `class1` varchar(40) CHARACTER SET utf8 COLLATE utf8_bin NOT NULL DEFAULT 'DA02,DB01,DF01,DR01,^,^,^,^',
  `class2` varchar(40) CHARACTER SET utf8 COLLATE utf8_bin NOT NULL DEFAULT 'DA02,DB01,DF01,DQ01,^,^,^,^',
  `class3` varchar(40) CHARACTER SET utf8 COLLATE utf8_bin NOT NULL DEFAULT 'DA02,DB01,DG05,DN01,^,^,^,^',
  `class4` varchar(40) CHARACTER SET utf8 COLLATE utf8_bin NOT NULL DEFAULT 'DA02,DB01,DC02,DN01,^,^,^,^',
  `class5` varchar(40) CHARACTER SET utf8 COLLATE utf8_bin NOT NULL DEFAULT 'DA02,DB01,DJ01,DL01,^,^,^,^',
  UNIQUE KEY `owner` (`owner`)
) ENGINE=InnoDB DEFAULT CHARSET=utf8;

/*Table structure for table `user_inventory` */

DROP TABLE IF EXISTS `user_inventory`;

CREATE TABLE `user_inventory` (
  `id` int(10) unsigned NOT NULL AUTO_INCREMENT,
  `owner` int(10) unsigned NOT NULL,
  `code` varchar(4) CHARACTER SET utf8 COLLATE utf8_bin NOT NULL,
  `retail` tinyint(1) NOT NULL DEFAULT '0',
  `startdate` int(10) unsigned NOT NULL,
  `length` int(10) unsigned NOT NULL,
  `price` int(10) unsigned NOT NULL,
  `price_cash` int(10) unsigned NOT NULL DEFAULT '0',
  `expired` tinyint(1) NOT NULL DEFAULT '0',
  `deleted` tinyint(1) NOT NULL DEFAULT '0',
  `deleted_web` tinyint(1) NOT NULL DEFAULT '0',
  PRIMARY KEY (`id`),
  UNIQUE KEY `id` (`id`)
) ENGINE=InnoDB AUTO_INCREMENT=2615 DEFAULT CHARSET=utf8;

/*Table structure for table `vehicleseats` */

DROP TABLE IF EXISTS `vehicleseats`;

CREATE TABLE `vehicleseats` (
  `index` int(10) NOT NULL AUTO_INCREMENT,
  `vehiclecode` varchar(255) NOT NULL DEFAULT '""',
  `seatid` tinyint(10) NOT NULL DEFAULT '0',
  `seatcode` varchar(255) NOT NULL DEFAULT '""',
  `mainweapon` varchar(255) NOT NULL DEFAULT '""',
  `mainweaponclip` int(10) NOT NULL DEFAULT '0',
  `mainweaponmagazine` tinyint(10) NOT NULL DEFAULT '0',
  `secondweapon` varchar(255) NOT NULL DEFAULT '""',
  `secondweaponclip` int(10) NOT NULL DEFAULT '0',
  `secondweaponmagazine` tinyint(10) NOT NULL DEFAULT '0',
  UNIQUE KEY `index` (`index`)
) ENGINE=InnoDB AUTO_INCREMENT=84 DEFAULT CHARSET=utf8;

/*Data for the table `vehicleseats` */

insert  into `vehicleseats`(`index`,`vehiclecode`,`seatid`,`seatcode`,`mainweapon`,`mainweaponclip`,`mainweaponmagazine`,`secondweapon`,`secondweaponclip`,`secondweaponmagazine`) values 
(1,'ED01',0,'FA01','\"\"',0,0,'\"\"',0,0),
(2,'ED01',1,'FA01','\"\"',0,0,'\"\"',0,0),
(3,'ED01',2,'FB01','FB01',30000,0,'\"\"',0,0),
(4,'EA01',0,'FB01','FB01',30000,0,'\"\"',0,0),
(5,'EC01',0,'FA01','\"\"',0,0,'\"\"',0,0),
(6,'EF04',0,'FC01','FC01',500,0,'\"\"',0,0),
(7,'EE04',0,'FF01','FF01',30,0,'FE01',500,0),
(8,'EE04',1,'FB01','FB01',30000,0,'\"\"',0,0),
(9,'EE04',2,'FB02','FB02',2000,0,'\"\"',0,0),
(10,'EG02',0,'FA01','\"\"',0,0,'\"\"',0,0),
(11,'EG02',1,'FB01','FB01',30000,0,'\"\"',0,0),
(12,'EG02',2,'FA01','\"\"',0,0,'\"\"',0,0),
(13,'EG02',3,'FA01','\"\"',0,0,'\"\"',0,0),
(14,'EG02',4,'FA01','\"\"',0,0,'\"\"',0,0),
(15,'EG02',5,'FA01','\"\"',0,0,'\"\"',0,0),
(16,'ED08',0,'FA01','\"\"',0,0,'\"\"',0,0),
(17,'ED08',1,'FA01','\"\"',0,0,'\"\"',0,0),
(18,'ED08',2,'FA01','\"\"',0,0,'\"\"',0,0),
(19,'ED08',3,'FA01','\"\"',0,0,'\"\"',0,0),
(20,'ED08',4,'FA01','\"\"',0,0,'\"\"',0,0),
(21,'ED08',5,'FA01','\"\"',0,0,'\"\"',0,0),
(22,'ED08',6,'FA01','\"\"',0,0,'\"\"',0,0),
(23,'ED08',7,'FA01','\"\"',0,0,'\"\"',0,0),
(24,'EK01',0,'FC02','FC02',999,0,'FL01',8,2),
(25,'EJ07',0,'FJ02','FJ02',8,3,'\"\"',0,0),
(26,'EJ07',1,'FA01','\"\"',0,0,'\"\"',0,0),
(27,'EJ07',2,'FA01','\"\"',0,0,'\"\"',0,0),
(28,'EJ07',3,'FA01','\"\"',0,0,'\"\"',0,0),
(29,'EB01',0,'FD01','FD01',30000,0,'\"\"',0,0),
(30,'EI01',0,'FD01','FD01',30000,0,'\"\"',0,0),
(31,'EJ08',0,'FA01','\"\"',0,0,'\"\"',0,0),
(32,'EJ08',1,'FA01','\"\"',0,0,'\"\"',0,0),
(33,'EJ08',2,'FB01','FB01',30000,0,'\"\"',0,0),
(34,'EJ08',3,'FA01','\"\"',0,0,'\"\"',0,0),
(35,'EJ08',4,'FA01','\"\"',0,0,'\"\"',0,0),
(36,'EJ08',5,'FA01','\"\"',0,0,'\"\"',0,0),
(37,'EJ08',6,'FA01','\"\"',0,0,'\"\"',0,0),
(38,'EJ08',7,'FA01','\"\"',0,0,'\"\"',0,0),
(39,'EI02',0,'FI05','FI05',8,2,'\"\"',0,0),
(40,'ED02',0,'FA01','\"\"',0,0,'\"\"',0,0),
(41,'ED02',1,'FA01','\"\"',0,0,'\"\"',0,0),
(42,'ED02',2,'FJ01','FJ01',16,1,'\"\"',0,0),
(43,'EB04',0,'FI05','\"\"',0,0,'\"\"',0,0),
(44,'ED04',0,'EA01','\"\"',0,0,'\"\"',0,0),
(45,'ED04',1,'EA01','\"\"',0,0,'\"\"',0,0),
(46,'ED04',2,'FB01','FB01',30000,0,'FI02',4,5),
(47,'ED05',0,'FC01','FC01',500,0,'\"\"',0,0),
(48,'ED05',1,'FB01','FB01',2000,0,'\"\"',0,0),
(49,'ED09',0,'FA01','\"\"',0,0,'\"\"',0,0),
(50,'ED09',1,'FA01','\"\"',0,0,'\"\"',0,0),
(51,'ED09',2,'FB01','FB01',30000,0,'\"\"',0,0),
(52,'EE03',0,'FF01','FF01',30,0,'\"\"',0,0),
(53,'EE03',0,'FE01','FE01',500,0,'\"\"',0,0),
(54,'EE03',1,'FB01','FB01',30000,0,'\"\"',0,0),
(55,'EH06',0,'FG02','FG02',50,0,'\"\"',0,0),
(56,'EJ03',0,'FI04','FI04',10,1,'FJ02',8,1),
(57,'EJ03',1,'FB02','FB02',999,0,'\"\"',0,0),
(58,'EJ05',0,'FB04','FB04',999,0,'FJ03',10,2),
(59,'EJ05',1,'FA01','\"\"',0,0,'\"\"',0,0),
(60,'EJ06',0,'FA01','\"\"',0,0,'\"\"',0,0),
(61,'EJ06',1,'FA01','\"\"',0,0,'\"\"',0,0),
(62,'EJ06',2,'FB03','FB03',999,0,'\"\"',0,0),
(63,'EJ06',3,'FB03','FB03',999,0,'\"\"',0,0),
(64,'EK02',0,'FC03','FC03',999,0,'FI05',16,1),
(65,'EK04',0,'FI04','FI04',8,2,'FL02',16,1),
(66,'EL01',0,'FA01','\"\"',0,0,'\"\"',0,0),
(67,'EL01',1,'FB02','FB02',2000,0,'\"\"',0,0),
(68,'EL03',0,'FA01','\"\"',0,0,'\"\"',0,0),
(69,'EL03',1,'FF02','FF02',6,50,'\"\"',0,0),
(70,'EL03',2,'FI05','FI05',4,127,'\"\"',0,0),
(71,'EL03',3,'FB04','FB04',999,0,'\"\"',0,0),
(72,'EM01',0,'FA01','\"\"',0,0,'\"\"',0,0),
(73,'EM01',1,'FH01','FH01',10,10,'\"\"',0,0),
(74,'EM01',2,'FB01','FB01',30000,0,'\"\"',0,0),
(75,'EM01',3,'FB01','FB01',30000,0,'\"\"',0,0),
(78,'EE02',0,'FF01','FF01',30,0,'FE01',500,0),
(79,'EE02',1,'FB01','FB01',30000,0,'\"\"',0,0),
(80,'EE01',0,'FF03','FF03',1,30,'FE01',5000,0),
(81,'EE01',1,'FB04','FB04',30000,0,'',0,0),
(82,'EJ04',0,'FJ03','FJ03',10,1,'',0,0),
(83,'EJ04',1,'FB04','FB04',999,0,'FJ02',8,3);

/*Table structure for table `vehicletypes` */

DROP TABLE IF EXISTS `vehicletypes`;

CREATE TABLE `vehicletypes` (
  `index` int(10) unsigned NOT NULL AUTO_INCREMENT,
  `name` varchar(256) NOT NULL DEFAULT '""',
  `code` varchar(256) NOT NULL DEFAULT '""',
  `seats` tinyint(10) NOT NULL DEFAULT '0',
  `health` int(10) unsigned NOT NULL DEFAULT '1000',
  `spawninterval` int(10) unsigned NOT NULL DEFAULT '60000',
  `type` tinyint(1) unsigned NOT NULL DEFAULT '1',
  UNIQUE KEY `index` (`index`)
) ENGINE=InnoDB AUTO_INCREMENT=38 DEFAULT CHARSET=utf8;

/*Data for the table `vehicletypes` */

insert  into `vehicletypes`(`index`,`name`,`code`,`seats`,`health`,`spawninterval`,`type`) values 
(1,'CAR_HUMVEE_CAL50','ED01',3,3500,60000,1),
(2,'FIXED_CAL50','EA01',1,3000,60000,1),
(3,'MOTORCYCLE_CR125','EC01',1,2500,60000,1),
(4,'TANK_WIESEL_GUN','EF04',1,3800,60000,1),
(5,'TANK_K1A1','EE04',3,4500,60000,1),
(6,'TANK_K200','EG02',6,5000,60000,1),
(7,'CAR_60TRUCK_COVER','ED08',8,7000,60000,1),
(8,'AIRPLANE_A10','EK01',1,3500,60000,2),
(9,'HEL_BLACKHAWK_MISSILE','EJ07',4,3800,60000,2),
(10,'FIXED_OERLIKON','EB01',1,10000,60000,1),
(11,'TANK_GEPARD','EI01',1,4500,60000,1),
(12,'HEL_CH47_CHINOOK','EJ08',8,15000,60000,2),
(13,'TANK_CHUNMA','EI02',1,4000,60000,1),
(14,'CAR_HUMVEE_TOW','ED02',3,3500,60000,1),
(15,'FIXED_SG','EB04',1,1500,60000,1),
(16,'CAR_HUMVEE_AVENGER','ED04',3,3500,60000,1),
(17,'CAR_LUCHS','ED05',2,4000,60000,1),
(18,'CAR_HUMVEE_CUPOLA','ED09',3,3500,60000,1),
(19,'TANK_LECLERC','EE03',2,4550,60000,1),
(21,'AT_CANNON_105','EH06',1,4000,60000,1),
(23,'HEL_APACHE','EJ03',2,3800,60000,2),
(24,'HEL_MD500','EJ05',2,2700,60000,2),
(25,'HEL_BLACKHAWK_MINIGUN','EJ06',4,3200,60000,2),
(26,'AIRPLANE_RAPHALE','EK02',1,3600,60000,2),
(27,'AIRPLANE_KF15','EK04',1,3700,60000,2),
(28,'BOAT_LSSC','EL01',2,3500,60000,3),
(29,'BOAT_HAMINA','EL03',4,15000,90000,3),
(30,'BOAT_MKV','EM01',4,4000,60000,3),
(31,'FIXED_BRK_DRUM','EN01',0,1000,60000,1),
(32,'FIXED_BRK_DOOR','EN02',0,1000,60000,1),
(33,'FIXED_BRK_ENGINE','EN03',0,2304,60000,1),
(34,'FIXED_BRK_DOOR2','EN01',0,2304,60000,1),
(35,'TANK_LEOPARD','EE02',3,4600,60000,1),
(36,'TANK_M1A1','EE01',2,4500,60000,1),
(37,'HEL_HIND','EJ04',2,3800,60000,2);

/*Table structure for table `vehicleweapons` */

DROP TABLE IF EXISTS `vehicleweapons`;

CREATE TABLE `vehicleweapons` (
  `id` int(10) unsigned NOT NULL AUTO_INCREMENT,
  `code` varchar(4) NOT NULL,
  `damage` int(10) unsigned NOT NULL,
  `hitbox` varchar(20) NOT NULL DEFAULT '0,0,0,0',
  PRIMARY KEY (`id`,`code`)
) ENGINE=InnoDB AUTO_INCREMENT=23 DEFAULT CHARSET=utf8;

/*Data for the table `vehicleweapons` */

insert  into `vehicleweapons`(`id`,`code`,`damage`,`hitbox`) values 
(1,'FB01',650,'55,17,8,10'),
(2,'FC03',1000,'50,80,30,80'),
(3,'FF01',1000,'100,100,80,100'),
(4,'FB02',600,'100,4,8,8'),
(5,'FC02',1000,'50,80,30,80'),
(6,'FJ02',1000,'100,100,80,100'),
(7,'FD01',300,'70,22,100,80'),
(8,'FI05',1100,'100,80,120,80'),
(9,'FJ01',1000,'100,100,100,100'),
(10,'FC01',700,'55,20,20,50'),
(11,'FB03',1000,'90,9,20,20'),
(12,'FB04',1000,'90,9,20,20'),
(13,'FE01',200,'100,20,40,50'),
(14,'FF02',600,'100,200,100,200'),
(15,'FF03',1500,'100,100,50,50'),
(16,'FG02',1250,'100,100,100,100'),
(17,'FH01',1000,'100,100,100,100'),
(18,'FI02',500,'70,80,120,80'),
(19,'FI04',1000,'100,80,120,80'),
(20,'FJ03',800,'100,100,50,50'),
(21,'FL01',5000,'100,40,100,100'),
(22,'FL02',3000,'100,100,40,100');

/*!40101 SET SQL_MODE=@OLD_SQL_MODE */;
/*!40014 SET FOREIGN_KEY_CHECKS=@OLD_FOREIGN_KEY_CHECKS */;
/*!40014 SET UNIQUE_CHECKS=@OLD_UNIQUE_CHECKS */;
/*!40111 SET SQL_NOTES=@OLD_SQL_NOTES */;
